id,title,slug,runtime_minutes,view_count,is_published
"48214719-3f7b-4aed-90ed-03e3e38180c8","Fitila Official Trailer Showing Next on Apatatv+","fitila-yoruba-movie-2026-official-trailer-showing-next-on-apatatv","","0","true"
"c597894e-a0df-4e06-a2cc-b7611df51d96","Wait, Did You Miss This? GA BOY SEASON 1 Full Recap","wait-did-you-miss-this-ga-boy-season-1-full-recap","291","72","true"
"59886899-74cd-4b2e-a8fb-9b7884a86095","The Fire and the Moth - Recap / Review","the-fire-and-the-moth-full-movie-recap-review","40","78676","true"
"7853e391-6d05-4839-a955-1ffac5a14672","Blood Vessel - Recap / Review","blood-vessel-full-movie-recap-review","32","30447","true"
"bc499a1f-db83-4294-8356-a568b93ccc34","Landline - Recap / Review","landline-2025-full-movie-recap-review","44","42002","true"
"7f4eb745-fdd8-4dea-8b35-3061b48d1984","Something Like Gold - Recap / Review","something-like-gold-full-movie-recap-review","48","64924","true"
"e44cb6c8-6a61-4a09-bf9c-6ce49c513fdc","The Party - Recap / Review","the-party-full-movie-recap-review","66","405140","true"
"78bf1eb4-3ae0-4594-8975-26ef1ad634bb","Elulu- Comedy Official Trailer","elulu-latest-yoruba-movie-2026-comedy-official-trailer-kemity-olaiya-igwe-ijesaekun-ijalo","","0","true"
"d39730d8-5db7-4c83-8116-3d9ca04e6752","King of Boys - Official Trailer","king-of-boys-official-trailer","","723254","true"
"d360462d-2860-4471-b4d0-148d006669c7","THE KING'S WORD 3&4 TEASER-Mike Godson,Chineye Uba,Princess Sherin Griggs","the-kings-word-34-teasermike-godsonchineye-ubaprincess-sherin-griggs-2026","","28016","true"
"6a8c8b82-1c52-4f6e-bc85-6908880b2358","Bestie Oko Mi Official Trailer Showing Tomorrow on Yorubaplus","bestie-oko-mi-yoruba-movie-2026-official-trailer-showing-tomorrow-on-yorubaplus","","0","true"
"e5897a1d-1054-4a91-b625-c9bd626d347f","Elegbeje ADO Official Trailer","elegbeje-ado-official-trailer-yoruba-movie-now-showing-on-apankufortv","","0","true"
"77867d3a-f2e3-49cd-86b1-75b8e572efc6","Asise EDA - Official Trailer","asise-eda-official-trailer-showing-next-on-bobby-films-productions-ltd","","0","true"
"eb8cae3a-d3ed-44b4-8595-ebcb907baf62","Omo Lasan Official Trailer on Apatatv+","omo-lasan-yoruba-movie-2026-official-trailer-now-showing-on-apatatv","","0","true"
"7e966ba9-0934-4727-8021-cd5d68b6a54b","Ha Obirin Official Trailer Showing Next on Yorubaplus","ha-obirin-yoruba-movie-2026-official-trailer-showing-next-on-yorubaplus","","0","true"
"85c8b841-1d60-4e5a-ac15-7a5370c42c6d","Blood Sisters Recap / Review -nancy Isime, Etim Effiong, Kate Henshaw Netflix","blood-sisters-full-movie-recap-review-nancy-isime-etim-effiong-kate-henshaw-netflix","","0","true"
"871efeb5-02e4-4f62-97eb-3905e22a496f","Bloody Death(official Trailer)~ Maleek Milton, Sochi Infiniti Full","bloody-deathofficial-trailer-maleek-milton-sochi-infiniti-full-2026-nigerian-movie","","0","true"
"70a7dd19-15bd-4a71-9f04-a193768b8750","Afamefuna - Recap / Review","afamefuna-full-movie-recap-review","36","32441","true"
"8d44759b-d426-43d6-9d21-49bd5254c59d","Ileri Mi Official Trailer Showing Next on Apatatv+","ileri-mi-yoruba-movie-2026-official-trailer-showing-next-on-apatatv","","0","true"
"38be5b1d-6044-42df-a6e8-d3f9b30a9118","House of Ga'a - Recap / Review - Femi Branch Movie","house-of-gaa-full-movie-recap-review-femi-branch-nollywood-movie","33","38067","true"
"fb3ed340-9bd7-43de-ad3f-7a88622e52d1","Marriage Is Not Enough 2 Official Trailer Showing on Tues 5th of May on Yorubaplus","marriage-is-not-enough-2-yoruba-movie-2026-official-trailer-showing-on-tues-5th-of-may-on-yorubaplus","","0","true"
"fe1dc78f-9a60-4089-ac07-141d8ebff562","Bestie Oko Mi 2 Official Trailer on Yorubaplus","bestie-oko-mi-2-yoruba-movie-2026-official-trailer-now-showing-on-yorubaplus","","0","true"
"a5ecc19f-8233-4187-aac4-2de3c83def3f","Ceaseless Official Trailer Showing Next on Yorubaplus","ceaseless-yoruba-movie-2026-official-trailer-showing-next-on-yorubaplus","","0","true"
"aacd964b-0e12-49ce-a304-8d18dae41d0b","HER Excellency - Recap / Review","her-excellency-full-movie-recap-review","33","85522","true"
"42c049e5-3d53-449e-b08c-d34bea67459e","Blood Sisters - S1- Recap / Review","blood-sisters-s1-full-movie-recap-review","70","255396","true"
"59b4dd84-353d-4d40-8c24-14d94c18918c","Farmer's Bride - Recap / Review","farmers-bride-full-movie-recap-review","49","100218","true"
"67b39845-9d9d-488f-b0d2-abaef50a2692","MY Mother IS a Witch - Recap / Review","my-mother-is-a-witch-full-movie-recap-review","45","61594","true"
"6ac0d783-a4c3-49e2-bb99-e3b2f1a9be71","SAY WHO DIE - Recap / Review","say-who-die-full-movie-recap-review","37","56235","true"
"7753af56-1313-45e8-9783-995445ba64d5","Blood Sisters ( SEASON 2 ) Recap / Review -nancy Isime, Etim Effiong, Kate Henshaw Netflix","blood-sisters-season-2-full-movie-recap-review-nancy-isime-etim-effiong-kate-henshaw-netflix","71","129070","true"
"83494915-d06d-4369-aa82-b7513ef02464","Seven Doors - Recap / Review","seven-doors-full-movie-recap-review","56","63677","true"
"d2fa3d3e-90c2-4891-9fec-53b5ac5ba4ca","Baby Farm - Recap / Review","baby-farm-full-movie-recap-review","66","284759","true"
"b74d28c5-4ac8-41ff-859d-8cffa79e3e6d","Breath of Life - Recap / Review","breath-of-life-full-movie-recap-review","39","37659","true"
"b5340b4a-b087-46ab-9b5f-89f63fe3d901","Iwon IFE L Official Trailer L Showing from 20th of November","iwon-ife-latest-yoruba-movie-2025-l-official-trailer-l-showing-from-20th-of-november","","0","true"
"b4ad8597-ab06-4041-93d0-e032fe3b060e","Patako Esu D' Spartacus Official Trailer Showing Tomorrow on Yorubaplus","patako-esu-d-spartacus-yoruba-movie-2026-official-trailer-showing-tomorrow-on-yorubaplus","","0","true"
"0354a975-7b86-4edb-a3f8-6673d0d493dd","Unclaimed - Recap / Review","unclaimed-full-movie-recap-review","30","25775","true"
"c3f87a96-ac2b-4e4f-9a48-7ac57da587e7","Spicy Official Trailer Showing Next on Yorubaplus","spicy-yoruba-movie-2026-official-trailer-showing-next-on-yorubaplus","","0","true"
"c34750cb-df9f-46f0-acf8-65c7be169df9","Adigun Alagbaro 2 Official Teaser on Yorubaplus","adigun-alagbaro-2-yoruba-movie-2026-official-teaser-now-showing-on-yorubaplus","","0","true"
"c76b34c4-3a11-428a-85a6-45f149caa08f","Abami Trailer","abami-trailer-2025-latest-yoruba-nollywood","","0","true"
"517ff685-b2c2-44ee-9923-aac3c2d11fdb","Thinline - Recap / Review","thinline-full-movie-recap-review","42","171389","true"
"ce8f6bbd-2e40-4df1-a8d7-d0c250db30ad","Ajilekege 2 Official Trailer on Yorubaplus","ajilekege-2-yoruba-movie-2026-official-trailer-now-showing-on-yorubaplus","","0","true"
"590eb526-ccc7-4a6b-9b88-36ae56548675","The Masked King - Recap / Review","the-masked-king-full-movie-recap-review","40","65227","true"
"f38a17e0-7f4e-4c50-a37c-06e36ebd9c05","Honey Money - Recap / Review","honey-money-full-movie-recap-review","40","65759","true"
"f41d8fee-0fe4-4477-bdbe-997f81f23fc5","Suky - Recap / Review","suky-full-movie-recap-review","36","423125","true"
"7530497b-9286-481d-a46a-f8571adcb81c","Fijabi Trailer ( PART 2 )","fijabi-trailer-part-2-2025-latest-yoruba-nollywood","","0","true"
"1fd3b3e3-614f-4fee-b6d4-d5aad3b76caa","King's Guard 3&4 (teaser)","kings-guard-34-teaser-2026-latest-nigerian-nollywood-movies","","0","true"
"2834bddf-0f7c-487c-97a0-434fe667f3bf","Marriage Is Not Enough 2 Official Trailer Showing Tomorrow on Yorubaplus","marriage-is-not-enough-2-yoruba-movie-2026-official-trailer-showing-tomorrow-on-yorubaplus","","0","true"
"2cf143a3-6e3a-42a7-ae72-7e3e9e892410","Ashes of Abeni Official Trailer on Yorubaplus","ashes-of-abeni-yoruba-movie-2026-official-trailer-now-showing-on-yorubaplus","","0","true"
"4ae6a438-733a-4642-ac5b-24d79fb6ba5b","KING OF KINGS 5&6 TEASER - Zubby Michael","king-of-kings-56-teaser-zubby-michael-2026","","14891","true"
"a5ed2b87-7132-43e5-8274-9df39c78ea98","Chasing After Love Trailer","chasing-after-love-trailer","","0","true"
"fb996403-379b-47bb-9c1d-b350c594d773","Sisters Order 5&6 (teaser)","sisters-order-56-teaser-2026-latest-nigerian-nollywood-movies","","0","true"
"fecb3c7c-39f5-4036-8b07-996cf33c6367","KORIKO OFFICIAL TRAILER","koriko-official-2026-trailer","","2691","true"
"c7a9efa9-5440-437d-a232-482a42ce4449","Teaser: King of Boys 2","teaser-king-of-boys-2","","5868","true"
"d294a9a2-eca4-4eb7-bda8-57cc96feeded","KING OF BOYS Teaser","king-of-boys-teaser","","12911","true"
"5e84432b-25e9-4baa-a89d-7da2fd70f457","Panumọ L Official Trailer L Showing from 2nd April","panum-latest-yoruba-movie-2026-l-official-trailer-l-showing-from-2nd-april-2026","","0","true"
"acab580d-1e19-402d-b8ba-a3b98e8c0215","Madaru Trailer with Your Favorite Actors & Actresses Young Faces/ Showing from 16th of April by 4pm.","madaru-trailer-with-your-favorite-actors-actresses-young-faces-showing-from-16th-of-april-by-4pm","","0","true"
"c24523db-e1e8-4e64-bd2d-47750e5ad423","Nanny MY Heart Trailer","nanny-my-heart-trailer","","0","true"
"d71fdc97-b515-4b2f-98ba-e2577d70091a","Iyawo Ogba Official Trailer","iyawo-ogba-official-trailer","","0","true"
"6fc46b34-41b5-47d3-b1f2-9dc148da25dd","Love in Ghetto (showing Now!!!) - Trailer","love-in-ghetto-showing-now-official-2026-movie-trailer","","0","true"
"cc33a83b-ece8-45b9-96d2-54d85d57a2a1","Saamu Alajo Teaser Showing Tomorrow on Oafptv","saamu-alajo-teaser-showing-tomorrow-on-oafptv","","0","true"
"35aaed11-9783-432f-b3a8-9cdd7e618043","Phobia of the Heart Trailer","phobia-of-the-heart-trailer","","0","true"
"929a23cd-cd1b-4919-9910-a988b4daaaf0","Love on the RUN Trailer","love-on-the-run-trailer","","0","true"
"2a32ce54-4606-4346-9296-2c2defdb5807","Isekotu Official Trailer on Yorubaplus","isekotu-yoruba-movie-2026-official-trailer-now-showing-on-yorubaplus","","0","true"
"6eef7dca-bc4a-41b9-ae17-960629a657a4","Ezekudene(official Trailer)~ Lizzy Gold, Princess Izuchukwu, Sochi Infiniti","ezekudeneofficial-trailer-lizzy-gold-princess-izuchukwu-sochi-infiniti-2026-nigerian-movie","","0","true"
"f8c6bbe0-8208-4d6c-8e83-498e23fb262e","ORO IFE Trailer I","oro-ife-trailer-i-yoruba-movie-2026-showing-next-on-corporatepicturestv","","0","true"
"1a42aafd-1156-4ee5-a1ef-6816e90ad8c9","SAWO SOGBERI Official Trailer","sawo-sogberi-official-trailer","","5996","true"
"745fe01e-81eb-4b9e-9fde-8cd79f704097","Love Beyond Sanity Movie Official Trailer Showing Next in This Channel","love-beyond-sanity-2026-movie-official-trailer-showing-next-in-this-channel","","0","true"
"83666203-e51f-4758-9ffd-e000d99fe7a5","Drums of the Masquerade(teaser 2)frederick Leonard, Lizzy Gold","drums-of-the-masqueradeteaser-2frederick-leonard-lizzy-gold-2026","","0","true"
"a4374b69-5efd-483f-a633-9afcffd801b2","Drums of the Masquerade(official Trailer)~ Frederick Leonard, Lizzy Gold","drums-of-the-masqueradeofficial-trailer-frederick-leonard-lizzy-gold-nigerian-movies","","0","true"
"dd76a2e6-9c09-4764-8eb6-080ab7bf711d","Wahala Landlord Official Trailer Showing Soon on Cowries TV","wahala-landlord-official-trailer-showing-soon-on-cowries-tv","","0","true"
"19ffa42d-cf20-4205-906d-80fffaaea7db","Lion of Judah Official Teaser Showing Next on Yorubaplus","lion-of-judah-yoruba-movie-2026-official-teaser-showing-next-on-yorubaplus","","0","true"
"9b2c8baa-d40c-40fa-ae39-4fa7f7513717","Healing /official Trailer/showing Next On Mobimpetv","healing-yoruba-movie-2025official-trailershowing-next-on-mobimpetv","","0","true"
"d1cbeb78-c705-41b1-82ce-c5a3322b8fdc","Ibinu Sango - Official Trailer","ibinu-sango-official-trailer-showing-next-on-olooto-premium","","0","true"
"e8fc14ea-76ed-42b5-a488-6e7eadd4c02a","Bestie Oko Mi Official Trailer On Yorubaplus","bestie-oko-mi-yoruba-movie-2026-official-trailer-now-showing-on-yorubaplus","","0","true"
"13c08df9-80c5-4f9b-9ab6-3650d916665b","Yomade Official Trailer","yomade-official-trailer-showing-next-on-bobby-films-productions","","0","true"
"14be9383-cbb3-421c-ac00-4082c4b57bf1","Three Point Trailer I","three-point-trailer-i-yoruba-movie-2026-showing-next-on-corporatepicturestv","","0","true"
"15da7fcc-66d1-47cf-acae-bc143e1d0c92","Olami Official Trailer Showing Next on Yorubaplus","olami-yoruba-movie-2026-official-trailer-showing-next-on-yorubaplus","","0","true"
"19226ce1-30e6-4a64-b819-cb80d3e6d3a1","Atrocity Official Trailer on Apatatv+","atrocity-yoruba-movie-2026-official-trailer-now-showing-on-apatatv","","0","true"
"3567b57c-80ba-49ad-b7c0-cec1c7cd0126","Arowosaye Official Teaser Showing Tomorrow on Yorubaplus","arowosaye-yoruba-movie-2026-official-teaser-showing-tomorrow-on-yorubaplus","","0","true"
"398b8bdb-31ff-447b-8079-7e7f5792e0c1","Ajilekege Official Trailer Showing Tomorrow on Yorubaplus","ajilekege-yoruba-movie-2026-official-trailer-showing-tomorrow-on-yorubaplus","","0","true"
"46b6f1cb-5f77-4dd9-a03e-148e74afb493","Lord and Master 3&4 Teaser -yul Edochie,osita Iheme,gina King","lord-and-master-34-teaser-yul-edochieosita-ihemegina-king-2026","","0","true"
"5c2988ee-3df7-4975-a07b-2fc40ac88e63","Gbotiku Official Trailer","gbotiku-official-trailer-yoruba-movie-now-showing-on-apankufortv","","0","true"
"8a67aac5-29d9-4c4b-830d-0458c4b02278","THE KING'S WORD 5&6 TEASER-Mike Godson,Chineye Uba,Princess Sherin Griggs","the-kings-word-56-teasermike-godsonchineye-ubaprincess-sherin-griggs-2026","","472","true"
"83992016-d7c5-4781-bb74-dfaae3ddc71a","Arowosaye Official Teaser on Yorubaplus","arowosaye-yoruba-movie-2026-official-teaser-now-showing-on-yorubaplus","","0","true"
"8f7d39af-a35b-4519-b266-6039f118a741","Apata Trailer I","apata-trailer-i-yoruba-movie-2026-showing-next-on-corporatepicturestv","","0","true"
"94eb904e-af6b-457e-92d8-1818df66b6ae","Asiri Fitila Official Teaser Showing Next on Yorubaplus","asiri-fitila-yoruba-movie-2026-official-teaser-showing-next-on-yorubaplus","","0","true"
"9fc7c7f8-dcd3-4773-b553-8589b0c9c09d","Aduke Alajo Yoruba L Trailer L","aduke-alajo-yoruba-2025-l-trailer-l","","0","true"
"d2691e41-c4ab-4b4a-8cc5-464f32833f38","Demon Trailer","demon-trailer-2025-latest-yoruba-nollywood","","0","true"
"d2abd3c4-b793-42f5-9583-a15b1b4df416","Ere Maami - Official Trailer","ere-maami-official-trailer-now-showing-on-bobby-films-productions","","0","true"
"e0ef5817-55a3-496d-a9e9-5b0cbbea4775","Awero Official Trailer Showing Next on Yorubaplus","awero-yoruba-movie-2026-official-trailer-showing-next-on-yorubaplus","","0","true"
"f7780bba-5589-4a0c-9ea2-f09cfb27ca92","Lord and Master 5&6 Teaser -yul Edochie,osita Iheme,gina King","lord-and-master-56-teaser-yul-edochieosita-ihemegina-king-2026","","0","true"
"091e96fb-71c6-4d34-be3e-114d79ad9c80","Saamu Alajo Teaser Yoruba Comedy Series EP 253 Showing Next on Oafptv","saamu-alajo-teaser-yoruba-comedy-series-ep-253-showing-next-on-oafptv","","0","true"
"1d10d4b8-a112-46bf-8d7b-b582dcc6e82b","Temi Ogbe Official Teaser Showing Next on Yorubaplus","temi-ogbe-yoruba-movie-2026-official-teaser-showing-next-on-yorubaplus","","0","true"
"45c1a9bf-30e1-448b-aef1-9f92a8269665","Ade Iwa 2 Official Teaser on Yorubaplus","ade-iwa-2-yoruba-movie-2026-official-teaser-now-showing-on-yorubaplus","","0","true"
"4a8b3348-e0d6-49cd-81e5-c19eda518999","Ologbon Official Teaser on Yorubaplus","ologbon-yoruba-movie-2026-official-teaser-now-showing-on-yorubaplus","","0","true"
"60f87c66-58be-4725-9cd6-6edd9c537955","Maryam - Trailer","maryam-official-2026-movie-trailer","","0","true"
"6683dc53-5372-4187-9685-28c922915fbb","Dangerous Love 2 Official Teaser Showing Tomorrow on Yorubaplus","dangerous-love-2-yoruba-movie-2026-official-teaser-showing-tomorrow-on-yorubaplus","","0","true"
"7a0ef69e-1168-47bc-b653-61745a1e3295","Arokan Official Teaser Showing Next on Yorubaplus","arokan-yoruba-movie-2026-official-teaser-showing-next-on-yorubaplus","","0","true"
"8cb9a1f9-3e8e-40c9-a527-1d56e3c95693","OWO Agbara - Official Trailer","owo-agbara-official-trailer-showing-next-on-bobby-films-productions","","0","true"
"9ddfacba-4491-4ba2-8dee-e893dfdcfbe3","Saamu Alajo Teaser Showing Next on Oafptv","saamu-alajo-teaser-showing-next-on-oafptv","","0","true"
"b0d44ac8-a30c-42c3-bf11-91be092ffc9c","Spicy Official Teaser Showing Tomorrow on Yorubaplus","spicy-yoruba-movie-2026-official-teaser-showing-tomorrow-on-yorubaplus","","0","true"
"b75c9acd-b4ef-4a2e-a79b-756efc15b1ff","CLASH OF ROYALS 3&4 TEASER","clash-of-royals-34-teaser","","0","true"
"b85da85b-29f4-4f09-b08d-1056b7373368","Lion of Judah Official Teaser on Yorubaplus","lion-of-judah-yoruba-movie-2026-official-teaser-now-showing-on-yorubaplus","","0","true"
"e76c785f-24e8-4a3c-85fc-029010d36f7a","Ashes of Abeni Official Trailer Showing Next on Yorubaplus","ashes-of-abeni-yoruba-movie-2026-official-trailer-showing-next-on-yorubaplus","","0","true"
"edfa228d-87c0-46f2-a9a8-4f1621b22840","Patako Esu the Return 2 Official Teaser Showing Tomorrow on Yorubaplus","patako-esu-the-return-2-yoruba-movie-2026-official-teaser-showing-tomorrow-on-yorubaplus","","0","true"
"1d4522d3-1f64-4a61-a6b9-acb3261cc0ff","Aisiki 2 (showing Now!!!) - Trailer","aisiki-2-showing-now-official-2026-movie-trailer","","0","true"
"40f26822-7333-4073-add9-8a75d7a67651","Patako Esu the Return Official Teaser Showing Next on Yorubaplus","patako-esu-the-return-yoruba-movie-2026-official-teaser-showing-next-on-yorubaplus","","0","true"
"4e14522c-0484-4b99-82ea-2a6decd2e494","Asinge Official Trailer on Yorubaplus","asinge-yoruba-movie-2026-official-trailer-now-showing-on-yorubaplus","","0","true"
"5f866b94-496a-41ba-8517-e3d68a39d698","Aisiki - (showing Now!!!) Trailer","aisiki-showing-now-official-2026-movie-trailer","","0","true"
"69959aff-0d7d-407a-8343-05671a315bd7","Agbo Odaju 2 Trailer I Showing Next on Corporatepicturestv","agbo-odaju-2-trailer-i-showing-next-on-corporatepicturestv","","0","true"
"81cc8d25-9ea1-4632-a1f3-ef1506c0c274","Ayederu Official Trailer on Yorubaplus","ayederu-yoruba-movie-2026-official-trailer-now-showing-on-yorubaplus","","0","true"
"8fcbffd5-d9f1-4baa-ad4a-7c5dba18cd09","Inu Mi Official Trailer Showing Next on Yorubaplus","inu-mi-yoruba-movie-2026-official-trailer-showing-next-on-yorubaplus","","0","true"
"9356c9a1-a434-46d4-b6f8-1555c4bc2cd5","Emere Meta Trailer","emere-meta-latest-yoruba-movie-trailer-showing-this-friday-13th-of-feb","","0","true"
"9a330ea9-b3e1-45e8-b422-b782660a47cc","Ninu Igbeyawo - Official Trailer","ninu-igbeyawo-official-trailer-showing-next-on-bobby-films-productions-ltd","","0","true"
"a1cbd817-21fe-4006-b24d-6d465441b993","Isekotu Official Trailer Showing Tomorrow on Yorubaplus","isekotu-yoruba-movie-2026-official-trailer-showing-tomorrow-on-yorubaplus","","0","true"
"a9800f32-439d-4c9e-b307-2151b7097dd4","Marriage Is Not Enough Official Trailer Showing Next on Yorubaplus","marriage-is-not-enough-yoruba-movie-2026-official-trailer-showing-next-on-yorubaplus","","0","true"
"b49ca151-545a-4748-aff9-590926598edc","Executive Wife Official Trailer Showing Next on Yorubaplus","executive-wife-yoruba-movie-2026-official-trailer-showing-next-on-yorubaplus","","0","true"
"b4c19920-6bf0-4370-be22-02cf6ffbe858","Ipekun Ife Official Trailer Showing Tomorrow on Yorubaplus","ipekun-ife-yoruba-movie-2026-official-trailer-showing-tomorrow-on-yorubaplus","","0","true"
"c5b81a59-6d58-4cd1-b7c5-3347a2a49d77","Night Religion Trailer Toyin Abraham Ajeyemi, Bolaji Ogunmola, Chimezie Imo, Emeka Okoye, Ayo Mogaji","night-religion-trailer-toyin-abraham-ajeyemi-bolaji-ogunmola-chimezie-imo-emeka-okoye-ayo-mogaji","","0","true"
"c736b66d-2777-40a6-a5e2-e18595b0dca7","Adigun Alagbaro Official Trailer on Yorubaplus","adigun-alagbaro-yoruba-movie-2026-official-trailer-now-showing-on-yorubaplus","","0","true"
"c7f7a9f0-e78c-49a0-b8a5-e59a54fde3a0","Ipekun Ife Official Trailer on Yorubaplus","ipekun-ife-yoruba-movie-2026-official-trailer-now-showing-on-yorubaplus","","0","true"
"e352881f-de5b-4189-89e7-7acb230a2c8b","Igbiyanju - Official Trailer","igbiyanju-official-trailer-showing-next-on-bobby-films-productions","","0","true"
"e3efb19b-19a8-4b0c-9018-d7df1265e36a","Ologbon Official Trailer Showing Next on Yorubaplus","ologbon-yoruba-movie-2026-official-trailer-showing-next-on-yorubaplus","","0","true"
"e7f252c9-3d49-4862-833e-fa7a1ddd8134","Asinge Official Trailer Showing Tomorrow on Yorubaplus","asinge-yoruba-movie-2026-official-trailer-showing-tomorrow-on-yorubaplus","","0","true"
"ed0e844a-3610-4627-a77f-b1bab8d0461d","Erioluwa Official Trailer Showing Next on Yorubaplus","erioluwa-yoruba-movie-2026-official-trailer-showing-next-on-yorubaplus","","0","true"
"edeca721-70f8-477d-96d0-b958f015672b","Iskolobo Official Trailer Showing Next on Yorubaplus","iskolobo-yoruba-movie-2026-official-trailer-showing-next-on-yorubaplus","","0","true"
"3392ef1b-44ef-4d64-8f9c-48a5ce2479a1","Oore - Official Trailer","oore-official-trailer-showing-next-on-bobby-films-productions-ltd","","0","true"
"553efbe0-ade8-4b98-9548-98df2f90725a","OPA Ijongbon - Official Trailer","opa-ijongbon-official-trailer-showing-next-on-bobby-films-productions","","0","true"
"6772264b-d1d6-45b5-aef8-cb65217618b9","Damipe Official Trailer Showing Tomorrow on Yorubaplus","damipe-yoruba-movie-2026-official-trailer-showing-tomorrow-on-yorubaplus","","0","true"
"8121f4cb-10c2-4f2a-bcd9-9b43104747f0","JECINTA THE WISE FOOL 3&4 TEASER","jecinta-the-wise-fool-34-teaser","","0","true"
"87d5da89-54fe-4f3f-bc83-dd0eaa8f75c9","Akinkanju Official Trailer on Yorubaplus","akinkanju-yoruba-movie-2026-official-trailer-now-showing-on-yorubaplus","","0","true"
"8a369d30-155d-47ac-bf68-c639d953f574","Jecinta the Wise Fool 5&6 Teaser","jecinta-the-wise-fool-56-teaser","","0","true"
"b61e71d0-1bc9-4ba3-80bb-381a1ac1766f","Alakada GEN Z PART 2 – Trailer","alakada-gen-z-part-2-trailer-toyin-abraham","","0","true"
"bcb8eedd-f543-4abe-97a5-3a7f0ea4c2bd","Aamo Official Trailer Showing Next on Yorubanood","aamo-latest-yoruba-movie-2026-official-trailer-showing-next-on-yorubanood","","0","true"
"e211e3b6-7f23-43ea-bd20-753c6d878623","EMI (soul) Trailer","emi-soul-trailer-2025-latest-yoruba-nollywood","","0","true"
"fe20dbe1-8af0-4cb6-af1b-9881b9e61973","Sister Rebeka Official Trailer","sister-rebeka-official-trailer-yoruba-movie-now-showing-on-apankufortv","","0","true"
"e3918495-6f2e-404b-883c-68052ccc9329","A Lagos Love Story - Recap / Review","a-lagos-love-story-full-movie-recap-review","35","121535","true"
"c35b9e2a-8697-463a-a2cf-b2e541068783","Bank Alert - Recap / Review","bank-alert-full-movie-recap-review","36","36644","true"
"0d0215e8-661d-4f82-a900-00ffcd751cd7","Different Strokes - Recap / Review","different-strokes-full-movie-recap-review","37","44940","true"
"adeed48a-60ba-496a-9f0a-e2d5bdbd46a7","Small Talk - Recap / Review","small-talk-full-movie-recap-review","36","27267","true"
"eec1f862-4968-4fc1-bf42-70ca9a8e09ab","The Kujus Again ( PART 2 ) - Recap / Review","the-kujus-again-part-2-full-movie-recap-review","32","74902","true"
"77ae7289-bc51-44a2-8164-07fc5c9eabec","Wait, Did You Miss This? GA BOY Full Recap","wait-did-you-miss-this-ga-boy-full-recap","","0","true"
"44b65957-b199-4140-9081-4daad8e93afb","Arowosaye Official Teaser Showing Next on Yorubaplus","arowosaye-yoruba-movie-2026-official-teaser-showing-next-on-yorubaplus","","0","true"
"9e776f4a-c340-47e8-b443-bd3379883169","Aníkúlápó Series Season2 : the Ghoul Awakens ｜ Official Trailer","anikulapo-series-season2-the-ghoul-awakens-official-trailer-3","","0","true"
"f15b0b4b-2257-4eb9-8a60-f7b82914b67f","Femo Lala Official Trailer Showing 6th February on Oluwafemi Odustv","femo-lala-latest-yoruba-movie-official-trailer-showing-6th-february-on-oluwafemi-odustv","","0","true"
"1f195bee-0874-4c4a-8800-ceab969776eb","Highly Misunderstood 5&6 Teaser","highly-misunderstood-56-teaser","","0","true"
"1de7bfcd-69e6-4dfd-be8c-7abe7588f948","Iri Ajeji Official Trailer Showing Tomorrow on Yorubaplus","iri-ajeji-yoruba-movie-2026-official-trailer-showing-tomorrow-on-yorubaplus","","0","true"
"24bfcd9e-83e2-4f45-b680-fdf87b03242d","Olami Official Trailer on Yorubaplus","olami-yoruba-movie-2026-official-trailer-now-showing-on-yorubaplus","","0","true"
"33495a4a-a3ac-4ed0-ab4c-1f6862ab8775","Egan Ore Official Trailer Showing Next on Apatatv+","egan-ore-yoruba-movie-2026-official-trailer-showing-next-on-apatatv","","0","true"
"3c38191b-6729-4b8f-be5c-7b39020bf0de","Oju Fun Oju Official Trailer Showing Tomorrow on Apatatv+","oju-fun-oju-yoruba-movie-2026-official-trailer-showing-tomorrow-on-apatatv","","0","true"
"4728d415-1a62-4b96-8788-f0085986b608","Arokan Official Trailer on Yorubaplus","arokan-yoruba-movie-2026-official-trailer-now-showing-on-yorubaplus","","0","true"
"4806e7c5-9a64-46c9-a624-df3b5d6d0306","Iskolobo Official Trailer Showing Tomorrow on Yorubaplus","iskolobo-yoruba-movie-2026-official-trailer-showing-tomorrow-on-yorubaplus","","0","true"
"4c918310-f657-4dc4-aecc-e0e4d3dfc133","Ipile Official Trailer Showing Tomorrow on Apatatv+","ipile-yoruba-movie-2026-official-trailer-showing-tomorrow-on-apatatv","","0","true"
"51858415-9471-4618-83fd-9b8bf6c03085","Obawunmi Official Trailer on Yorubaplus","obawunmi-yoruba-movie-2026-official-trailer-now-showing-on-yorubaplus","","0","true"
"553345d8-717c-4874-b087-b2f46e795649","Asiri NI - Official Trailer","asiri-ni-official-trailer-showing-next-on-bobby-films-productions-ltd","","0","true"
"557ae1ec-add0-4d56-9a24-81c98c696c13","Egan Ore Official Trailer on Apatatv+","egan-ore-yoruba-movie-2026-official-trailer-now-showing-on-apatatv","","0","true"
"5f6f1072-04de-4167-87f3-4acc88255f0c","Alakada GEN Z – Trailer","alakada-gen-z-trailer-toyin-abraham-tv-april-21st","","0","true"
"61313706-56f0-4a31-b5ab-dd7bdeee7cb7","Iyawo Mi Official Trailer Showing Friday on Apatatv+","iyawo-mi-yoruba-movie-2026-official-trailer-showing-friday-on-apatatv","","0","true"
"6606b5ee-a26f-4e01-9502-9a09dec60965","Eshin Oyinbo Official Teaser Showing Next on Yorubaplus","eshin-oyinbo-yoruba-movie-2026-official-teaser-showing-next-on-yorubaplus","","0","true"
"6ac6be9b-a635-4182-9a5f-0020472f0048","Bestie Oko Mi 2 Official Trailer Showing Tuesday on Yorubaplus","bestie-oko-mi-2-yoruba-movie-2026-official-trailer-showing-tuesday-on-yorubaplus","","0","true"
"6c905c58-2a6f-4284-8da0-82d85161cddc","Serpent and the Throne 3&4 Teaser","serpent-and-the-throne-34-teaser","","0","true"
"7c588497-667c-459f-aa9b-f0bef663c675","20 Million Official Trailer Showing Next on Yorubaplus","20-million-yoruba-movie-2026-official-trailer-showing-next-on-yorubaplus","","0","true"
"7de1dfde-3078-4c45-82a4-923300eedf0d","Highly Misunderstood 3&4 Teaser","highly-misunderstood-34-teaser","","0","true"
"7d9c22ce-c8c7-415c-ba87-35036be149cf","Patako Esu ( 11 Doors ) Official Trailer Showing Next on Yorubaplus","patako-esu-11-doors-yoruba-movie-2026-official-trailer-showing-next-on-yorubaplus","","0","true"
"7fe91ddc-0829-4021-84d9-834695d54893","Afowofonna Official Trailer Showing Next on Apatatv+","afowofonna-yoruba-movie-2026-official-trailer-showing-next-on-apatatv","","0","true"
"83b3e4a7-ff25-44d6-8a7c-c09201be3768","Egan Ore Official Trailer Showing Tomorrow on Apatatv+","egan-ore-yoruba-movie-2026-official-trailer-showing-tomorrow-on-apatatv","","0","true"
"869ee843-c315-4b49-8157-a02d16b9510e","Baba Rere Official Trailer Showing Tomorrow on Yorubaplus","baba-rere-yoruba-movie-2026-official-trailer-showing-tomorrow-on-yorubaplus","","0","true"
"884ff9fc-a297-471b-98a4-b7e8aaf0d132","Marriage Is Not Enough Official Trailer on Yorubaplus","marriage-is-not-enough-yoruba-movie-2026-official-trailer-now-showing-on-yorubaplus","","0","true"
"94416d18-508a-4dc4-b479-5c47711c6762","Serpent and the Throne 5&6 Teaser","serpent-and-the-throne-56-teaser","","0","true"
"8fd8101a-7d6a-42bb-93f9-29fdaa2b57e2","Obawunmi Official Trailer Showing Tomorrow on Yorubaplus","obawunmi-yoruba-movie-2026-official-trailer-showing-tomorrow-on-yorubaplus","","0","true"
"93e034fe-4cb0-4af6-ba54-092797be37a5","Ikorita Official Trailer Showing Next on Yorubaplus","ikorita-yoruba-movie-2026-official-trailer-showing-next-on-yorubaplus","","0","true"
"958a29bd-0c12-4036-94fd-79395028a1a9","Eniketa 2 - (showing Now!!!) Trailer","eniketa-2-showing-now-official-2025-movie-trailer","","0","true"
"97bae66b-e90e-4a6f-9a4f-f8d3db370652","Adehun Official Trailer Showing Next on Yorubaplus","adehun-yoruba-movie-2026-official-trailer-showing-next-on-yorubaplus","","0","true"
"a6518817-ef71-4e5c-a86e-a40ac2ee6051","Eru Werey Official Trailer Showing Next on Apatatv+","eru-werey-yoruba-movie-2026-official-trailer-showing-next-on-apatatv","","0","true"
"af1082f0-00ec-42a3-ba11-f0701b9d44f5","Ikorita Official Trailer Showing Tomorrow on Yorubaplus","ikorita-yoruba-movie-2026-official-trailer-showing-tomorrow-on-yorubaplus","","0","true"
"b0209aff-ab2d-4c35-9fc9-229a28ffb868","Idena - Official Trailer","idena-official-trailer-showing-next-on-bobby-films-productions-ltd","","0","true"
"b4843553-445d-4c63-be3b-a9d3a782c7f0","Olami Official Trailer Showing Tomorrow on Yorubaplus","olami-yoruba-movie-2026-official-trailer-showing-tomorrow-on-yorubaplus","","0","true"
"b7d1f67d-c1fb-4d63-ab65-07d44402bcc2","Marriage Is Not Enough Official Trailer Showing Tommorow on Yorubaplus","marriage-is-not-enough-yoruba-movie-2026-official-trailer-showing-tommorow-on-yorubaplus","","0","true"
"bb9c9437-390e-4486-9c34-ce01c8904187","Kokobiota (the Return of Mopelola) L Official Trailer L Showing April 23rd","kokobiota-the-return-of-mopelola-latest-yoruba-movie-2026-l-official-trailer-l-showing-april-23rd","","0","true"
"c147ae18-cd92-494c-a6db-e0f099e625f9","Agartha Teaser","agartha-teaser","","0","true"
"bd6c13cf-56e3-4044-8376-67b1cda75f96","Bestie Oko Mi 2 Official Trailer Showing Tomorrow on Yorubaplus","bestie-oko-mi-2-yoruba-movie-2026-official-trailer-showing-tomorrow-on-yorubaplus","","0","true"
"c2c6ff12-3187-4ddf-8d11-51a7e02efc3d","The Carpenter Official Trailer on Apatatv+","the-carpenter-yoruba-movie-2026-official-trailer-now-showing-on-apatatv","","0","true"
"c4551e0a-fa2e-4aed-9be5-8ef295bf8332","Atrocity Official Trailer Showing Tomorrow on Apatatv+","atrocity-yoruba-movie-2026-official-trailer-showing-tomorrow-on-apatatv","","0","true"
"c84e5eda-674d-46b6-b85d-6da5d72f91c3","Iran Ologo Trailer Showing Tomorrow, Friday by 4pm","iran-ologo-latest-yoruba-movie-trailer-showing-tomorrow-friday-by-4pm","","0","true"
"ca435796-b246-4490-bcdf-6330b089e338","Baba Rere Official Trailer Showing Next on Yorubaplus","baba-rere-yoruba-movie-2026-official-trailer-showing-next-on-yorubaplus","","0","true"
"cc47d50e-cc0a-4639-98e1-579984920079","Asiri Fitila Official Trailer Showing Tomorrow on Yorubaplus","asiri-fitila-yoruba-movie-2026-official-trailer-showing-tomorrow-on-yorubaplus","","0","true"
"d74aa9ec-f7d8-4ede-a4b8-8f965f12beae","Alaso ALA - Official Trailer","alaso-ala-official-trailer-showing-next-on-bobby-films-productions-ltd","","0","true"
"d9ef92f5-3d1a-4348-b8ac-00261d50830d","Kuku OJO - Official Trailer","kuku-ojo-official-trailer-showing-next-on-bobby-films-productions-ltd","","0","true"
"dba66b4a-8b8f-4bd4-a501-753d99885c3c","Onte (the Stamp)- Teaser. Will Be Showing on May 1st. Turn on Your Notification","onte-the-stamp-latest-yoruba-movie-teaser-will-be-showing-on-may-1st-turn-on-your-notification","","0","true"
"e16aee88-528a-4692-8ba9-c5c08a5f8ea1","Olosun Official Trailer Showing Next on Apatatv+","olosun-yoruba-movie-2026-official-trailer-showing-next-on-apatatv","","0","true"
"e2038970-a922-4852-96f5-32d072757e41","Ancient Apocalypses 5&6 Teaser -ugeju. J Ugezu ,peace Onuoha,chibuike Darlington","ancient-apocalypses-56-teaser-ugeju-j-ugezu-peace-onuohachibuike-darlington-2026","","0","true"
"e0031e16-5c57-49c0-8072-9108e24742d5","Oju Fun Oju Official Trailer on Apatatv+","oju-fun-oju-yoruba-movie-2026-official-trailer-now-showing-on-apatatv","","0","true"
"dff48c40-e3ec-40c1-a32d-cf76790ec497","Eri Ife Official Trailer on Apatatv+","eri-ife-yoruba-movie-2026-official-trailer-now-showing-on-apatatv","","0","true"
"e0249822-fd6d-4e5d-a373-1e79fd460a77","Eri Ife Official Trailer Showing Tomorrow on Apatatv+","eri-ife-yoruba-movie-2026-official-trailer-showing-tomorrow-on-apatatv","","0","true"
"f387a15f-f253-4b21-afa2-906a20116fbd","Olori Olajumoke - Official Trailer","olori-olajumoke-official-trailer-showing-next-on-bobby-films-productions-ltd","","0","true"
"fe0de155-7ab8-444d-9ce6-ea7f2e5c2723","Ajilekege 3 Official Trailer Showing Tomorrow on Yorubaplus","ajilekege-3-yoruba-movie-2026-official-trailer-showing-tomorrow-on-yorubaplus","","0","true"
"fe8b530d-da7d-424b-a9f1-d2fca19b1e9e","Iskolobo Official Trailer on Yorubaplus","iskolobo-yoruba-movie-2026-official-trailer-now-showing-on-yorubaplus","","0","true"
"8529a10d-2a07-48c1-9c8d-f5637e875341","My Credence ( PART 2 )- Movie Night Recap","my-credence-part-2-nollywood-movie-night-recap","60","743","true"
"bc607b2a-efa0-4bc1-bc31-509c89708318","THE JOB Interview","the-job-interview-the-strange-goddess-lasisi-elenu-x-moet-abebe-latest-comedy","23","0","true"
"2dbd8307-b4ed-4711-9c21-1a80433ab7d5","Ajilekege Official Teaser Showing Friday on Yorubaplus","ajilekege-yoruba-movie-2026-official-teaser-showing-friday-on-yorubaplus","","0","true"
"08112236-5e23-460e-aa9d-0c3e5db4e611","King's Guard 11&12 (teaser)","kings-guard-1112-teaser-2026-latest-nigerian-nollywood-movies","","0","true"
"0ffe760a-0035-400c-8506-6ac921514719","Love, Lust & Other Things - Recap / Review","love-lust-other-things-full-movie-recap-review","37","71461","true"
"2edfb958-5c21-4899-9599-fe1458f1becd","Inside Life - Recap / Review","inside-life-full-movie-recap-review","50","57211","true"
"33166d43-ec67-4f65-b9e1-3f44f8562402","To Kill a Monkey - Recap / Review","to-kill-a-monkey-full-movie-recap-review","111","972242","true"
"473de4dd-a460-40fe-ba5f-8f3a860dd203","Miss PJ - Recap / Review","miss-pj-full-movie-recap-review","41","53605","true"
"4f83c688-b5c1-4c52-86f6-870484c674a7","The Waiter - Recap / Review","the-waiter-full-movie-recap-review","42","99688","true"
"1b2edbdb-dff1-4996-9984-34ef75ce1c4a","Olugbeja Olorun Teaser- Showing from 18th Dec. on Epsalumtv","olugbeja-olorun-teaser-full-movie-showing-from-18th-dec-2025-on-epsalumtv","","0","true"
"3b21d9d1-2e43-406f-9c5e-abaf82c36f88","Love Under Lock(official Trailer)~ Faith Duke, BEN Touitou Full","love-under-lockofficial-trailer-faith-duke-ben-touitou-full-2026-nigerian-movie","","0","true"
"3c7c874d-898a-4ed7-bc54-9de52631dfaa","Iran Ologo 2 (official Trailer)","iran-ologo-2-latest-yoruba-movie-official-trailer","","0","true"
"481c774a-582b-44e3-9d2c-f4d3cd4bce10","Uncle K Official Trailer","uncle-k-official-trailer","","0","true"
"a73c7a7d-3419-4b74-88cd-d7cd231674c1","The Ancient Vessel(official Trailer)~maleek Milton, Peace Onuoha, Princess Izuchukwu","the-ancient-vesselofficial-trailermaleek-milton-peace-onuoha-princess-izuchukwu-nigerian-movies","","0","true"
"c9b0d583-9353-453a-8909-4a0b2349928c","Onyeka the Local Hustler SEASON 1 (recap) Sonia Uche Nigerian New Hit Movie","onyeka-the-local-hustler-season-1-recap-sonia-uche-2020-latest-nigerian-nollywood-new-hit-movie","156","0","true"
"76308681-c628-4621-995f-d36464fafc93","Visa on Arrival SEASON 8 Promo Trailer - the Officers Are Back!","visa-on-arrival-season-8-promo-trailer-the-officers-are-back","","0","true"
"e9c1b4bd-f93c-4c44-ab5b-b3ff54aa6312","Finding Mr Ideal EPISODE 2 Teaser","finding-mr-ideal-episode-2-teaser","","0","true"
"aa7e9924-92ea-41aa-bec8-ad97ba55d19d","Love in Motion Trailer","love-in-motion-trailer","","0","true"
"acb48a99-2ccd-490f-95e6-6b6a765488e5","Love IS a Game Trailer","love-is-a-game-trailer","","0","true"
"c4037ef3-950c-4258-ad5b-050d53282c6b","Queen Lateefah - Recap / Review","queen-lateefah-full-movie-recap-review","30","54328","true"
"0bbba681-ced6-4d42-82a6-5092cd59d22d","The Beads - Recap / Review","the-beads-full-movie-recap-review","34","38512","true"
"3023de96-3efc-4bb2-9e29-a96d4ce1a8f2","Muri & KO - Recap / Review","muri-ko-full-movie-recap-review","38","40922","true"
"301cccde-09f7-4266-abae-7b5c45047d71","MS Kanyin - Recap / Review","ms-kanyin-full-movie-recap-review","49","127889","true"
"5b9e824c-f59b-4722-8ddf-4d1507aa0e8c","Momiwa - Recap / Review","momiwa-full-movie-recap-review","44","30722","true"
"7bef62c4-0bd8-4d35-b445-ea067f1b1569","Anikulapo - Recap / Review","anikulapo-full-movie-recap-review","34","23033","true"
"922d526f-2e4c-4e2b-9789-9f74e8b78792","Introducing the Kujus ( PART 1 ) - Recap / Review","introducing-the-kujus-part-1-full-movie-recap-review","53","76962","true"
"ffdb9c32-0a3c-48da-bc8d-e013a8036216","What About US - Recap / Review","what-about-us-full-movie-recap-review","34","63419","true"
"dd702da2-9940-47c4-8bcf-c825f0522fe8","Ajero (trailer)","ajero-trailer","","0","true"
"98f56cfb-c4ea-435c-803a-b86d747e914a","Oore Trailer Showing Next","oore-trailer-latest-yoruba-movie-2025-showing-next","","0","true"
"f4c9670a-4684-4aba-91fa-7c0eca39b20b","Love in Real Time Trailer","love-in-real-time-trailer","","0","true"
"b5d10574-0fe0-40b2-aa2d-c9f4d522d20f","Love SO Tender Trailer","love-so-tender-trailer","","0","true"
"0a87b097-c6cb-4fbe-8b30-a16d2f1c3b5c","Oruka Wura (diamond Ring) Official Trailer Showing Next on Yinka Quadri TV","oruka-wura-diamond-ring-official-trailer-showing-next-on-yinka-quadri-tv","","0","true"
"9d921c6b-483b-4fb7-99f5-407516ca868c","Adire - Recap / Review","adire-full-movie-recap-review","32","22872","true"
"c45d10e2-1e84-4286-ad76-e33abd7bb824","Aníkúlápó Series Season2: The Ghoul Awakens ｜ Official Trailer","anikulapo-series-season2-the-ghoul-awakens-official-trailer-2","","122904","true"
"be702624-0908-4c42-a2c2-3f1aff8829e7","Alapa (ruins) Official Trailer (showing on Friday 13th) Wumi Toriola","alapa-ruins-official-trailer-showing-on-friday-13th-wumi-toriola-akeem-adeyemi-tola-oladokun","","0","true"
"c4393176-0e98-465f-aa36-6e70ec9534ac","Love Beyond Scars Trailer","love-beyond-scars-trailer","","0","true"
"31ec4f3d-6146-428b-9999-e4e7002e4803","The Echoes of WAR 5&6 (teaser)","the-echoes-of-war-56-teaser-2026-latest-nigerian-nollywood-movies","","0","true"
"6d64b136-5bb9-4bd1-a7c2-8c77d4c1375f","Iron Money 3&4 (teaser)","iron-money-34-teaser-2026-latest-nigerian-nollywood-movies","","0","true"
"838bd5ea-0cbe-4ba1-8bf3-ece3d2cf41aa","A Lover's Gift Trailer","a-lovers-gift-trailer","","0","true"
"93746977-292f-4c44-85d8-0cc8515f7a89","Iron Money 7&8 (teaser)","iron-money-78-teaser-2026-latest-nigerian-nollywood-movies","","0","true"
"ab28de9c-f2ea-4d84-a309-faa439d4800b","Love That Heals Trailer","love-that-heals-trailer","","0","true"
"bc68a19e-d2ef-45aa-a601-82add0b152f7","Power of Sacrifice(official Trailer)~stephen Odimgbe, Sochi Infiniti, Jane OBI","power-of-sacrificeofficial-trailerstephen-odimgbe-sochi-infiniti-jane-obi-2026-nigerian-movie","","0","true"
"d906cf17-b0dd-46ce-90f0-4f4895788e58","The Echoes of WAR 3&4 (teaser)","the-echoes-of-war-34-teaser-2026-latest-nigerian-nollywood-movie","","0","true"
"e0bb05db-0f4f-4754-bfba-53cea0e788bf","Iron Money 5&6 (teaser)","iron-money-56-teaser-2026-latest-nigerian-nollywood-movie","","0","true"
"24425ea4-78d4-41a3-ab46-9ff7b0c2be87","Akanji Gbajumo Official Trailer Showing Soon on Ogboluke TV","akanji-gbajumo-official-trailer-showing-soon-on-ogboluke-tv","","0","true"
"30965c0b-1395-44d1-9a70-59b419320e85","Two Brides and a Groom Trailer - Coming Tomorrow","two-brides-and-a-groom-trailer-coming-tomorrow","","0","true"
"5c9408c9-2bd6-43ae-bafe-3ce7dbb45c23","Omije (tears)official Trailer of Our New Movie Which Will Start Showing Tomorrow Friday","omije-tearsofficial-trailer-of-our-new-movie-which-will-start-showing-tomorrow-friday","","0","true"
"87adb4fb-dbe6-420f-b166-473f28861691","Another Side of Royalty 7&8 (teaser)","another-side-of-royalty-78-teaser-2026-latest-nigerian-nollywood-movies","","0","true"
"8dc1a850-1228-4154-bc1b-9f4dea93c098","The Wrestling Princess 5&6 (teaser)","the-wrestling-princess-56-teaser-2026-latest-nigerian-nollywood-movies","","0","true"
"a2ef97c5-580d-4c43-a834-ca9f3eae8e75","Innocent Mistake 5&6 (teaser)","innocent-mistake-56-teaser-2026-latest-nigerian-nollywood-movie","","0","true"
"b2e4792b-88ef-4e0f-a2b7-4ab029860aa0","Widow 2 (opo) Official Trailer (showing on May 1st) Wumi Toriola","widow-2-opo-official-trailer-showing-on-may-1st-wumi-toriola-akeem-adeyemi-mike-ezuronye","","0","true"
"be31df6b-1748-446e-8073-ecd728bead60","OJA 2 Teaser","oja-2-teaser-showing-this-friday","","0","true"
"c5afe7b7-98fd-441f-9908-cd178d4945b6","Why? - Official Trailer","why-official-trailer-2025","","0","true"
"e44ca6f8-e810-45b5-8465-7ecf92a25676","Another Side of Royalty 5&6 (teaser)","another-side-of-royalty-56-teaser-2026-latest-nigerian-nollywood-movies","","0","true"
"e73cb181-544d-4077-852c-30db60ac7dfb","Instant Wife Trailer","instant-wife-trailer","","0","true"
"e99f05b2-dc34-4c38-ada1-02d803a78ca8","Bury HIM 2 Teaser- Lizzygold Onuwaje, YUL Edochie - Drops Tomorrow by 5pm","bury-him-2-teaser-lizzygold-onuwaje-yul-edochie-drops-tomorrow-by-5pm","","0","true"
"f4278367-03da-41f9-b736-f2c2c3c66c94","IFE Pade (official Trailer) — Two Hearts. One Destiny.","ife-pade-official-trailer-two-hearts-one-destiny","","0","true"
"3da384e2-b5a1-4323-8032-180497088177","Iruju (complicted) Official Trailer","iruju-complicted-official-trailer","","0","true"
"9133a9dc-7517-42de-9547-c5a1fb35fbdc","Black Brilliant & Bold Trailer","black-brilliant-bold-trailer","","0","true"
"dfb117f5-a19d-4412-930a-e1a468f3d0f8","EWU IFE (the Consequence of Love) - Official Trailer","ewu-ife-the-consequence-of-love-official-trailer-2025","","0","true"
"faebdd07-5136-46a9-b585-fb0e03398213","Love And Destiny Official Trailer #shorts #","love-and-destiny-official-trailer-shorts","","0","true"
"064125c8-ca35-430c-8c1d-8b6a83f587e8","Ayetimowa Official Trailer Showing Next On Yorubaplus","ayetimowa-yoruba-movie-2026-official-trailer-showing-next-on-yorubaplus","","0","true"
"5d6cc5fa-6a72-460c-b3bb-be022b71c268","Maryam 2 - !!! Trailer","maryam-2-official-2026-movie-trailer","","0","true"
"23387f98-c3a0-45bc-bbc1-715af08856aa","Fimisokan Official Trailer","fimisokan-latest-2026-yoruba-movie-official-trailer","","0","true"
"73dcf793-9ab7-4ff9-831f-73c28bd55256","Widow (opo) Official Trailer (showing On Fri. 17th) Wumi Toriola","widow-opo-official-trailer-showing-on-fri-17th-wumi-toriola-akeem-adeyemi-mike-ezuronye","","0","true"
"0cb59992-b268-486b-872d-b6bb9da19e34","Bestie Oko Mi Official Trailer Showing Tuesday on Yorubaplus","bestie-oko-mi-yoruba-movie-2026-official-trailer-showing-tuesday-on-yorubaplus","","0","true"
"0a8360f2-2b6b-4e23-b282-38a10100d5dc","Broken Mirrror 3&4 Teaser","broken-mirrror-34-teaser","","0","true"
"295e6f65-bfee-413b-8020-8294f480543b","ALMOST PERFECT TRAILER","almost-perfect-trailer","","29775","true"
"35f3001a-1df7-4a39-91ad-2a9e8221d54c","ECHO BEFORE THE WEDDING - TRAILER","echo-before-the-wedding-trailer","","1035776","true"
"754ddb7a-db3d-438d-96e9-84c82b7ab85c","YOUR EXCELLENCY - THE TRAILER","your-excellency-the-trailer","","266","true"
"0cec774b-24a5-486f-9a34-8fc0344540e5","IJA IKOKO - OFFICIAL TRAILER","ija-ikoko-official-2026-trailer","","6051","true"
"28712bda-4f7a-4d8b-b2ad-5894c164c2c1","Switching on Love Trailer","switching-on-love-trailer","","0","true"
"215b72a8-d4b7-4921-a409-42c0dc144b58","Olosan Oru Official Teaser on Yorubaplus","olosan-oru-yoruba-movie-2026-official-teaser-now-showing-on-yorubaplus","","0","true"
"3de6b55c-2b8d-40b8-9c4e-8b597fc5daea","Olosan Oru Official Teaser Showing Tomorrow on Yorubaplus","olosan-oru-yoruba-movie-2026-official-teaser-showing-tomorrow-on-yorubaplus","","0","true"
"44d7f611-039f-4013-9a95-db761791d8c7","Olosan Oru Official Teaser Showing Thursday on Yorubaplus","olosan-oru-yoruba-movie-2026-official-teaser-showing-thursday-on-yorubaplus","","0","true"
"0dd531f4-16c0-4339-bbb1-cda813b2d70f","Unheard - Trailer","unheard-official-2026-movie-trailer","","0","true"
"5e640cc2-2c21-4aaf-8ce6-628c2eccf914","The Killer Official Teaser Showing Next on Yorubaplus","the-killer-yoruba-movie-2026-official-teaser-showing-next-on-yorubaplus","","0","true"
"30cdfa3a-5c9a-43c3-9ed8-5ff183e2186a","BEFORE THE KING 5&6 TEASER","before-the-king-56-teaser","","0","true"
"25f30f84-add9-4a21-8796-99d4b75b27d8","CLASH OF ROYALS 5&6 TEASER","clash-of-royals-56-teaser","","0","true"
"2f2efb4a-a699-460d-b5b9-f09463efea25","SPICE MY HEART TRAILER","spice-my-heart-trailer","","0","true"
"1a493e9e-7eaf-4d5a-a0d9-69afd043f0f7","AMI Official Trailer Youruba Movie Showing 9th of April .","ami-official-trailer-latest-youruba-movie-showing-9th-of-april-2026","","0","true"
"4c838c59-ec1b-4c6c-9dbe-24a5e18192fe","GEN Z SCHOOL Official Trailer","gen-z-school-official-trailer","","14572","true"
"0709811e-3d88-41b5-95df-5a1e90f92e4b","Atunbi Trailer","atunbi-latest-yoruba-movie-trailer-showing-this-sunday-5th-of-april","","0","true"
"13566d4e-0e41-4ca6-a30d-a7b5aebdd414","Bury the Prince 5&6 Teaser","bury-the-prince-56-teaser","","0","true"
"4dd68fcc-6a7a-46ee-b301-0b6e350ef5a7","Ajilekege Official Trailer Showing Soon on Yorubaplus","ajilekege-yoruba-movie-2026-official-trailer-showing-soon-on-yorubaplus","","0","true"
"46205878-5599-4327-bb92-634eda68e626","Spicy Official Teaser on Yorubaplus","spicy-yoruba-movie-2026-official-teaser-now-showing-on-yorubaplus","","0","true"
"3e1a9f0d-f554-4ef9-8066-86823c0ae343","UNCLAIMED - TRAILER","unclaimed-trailer","","230","true"
"4f8e947f-98c1-4660-955d-14deefe0199c","Dangerous Bead Official Trailer","dangerous-bead-latest-yoruba-movie-2026-official-trailer-showing-next-on-yorubanood","","0","true"
"0c381d4e-dd00-46c5-895a-7ee614e1a3b9","Adigun Alagbaro 2 Official Teaser Showing Tomorrow on Yorubaplus","adigun-alagbaro-2-yoruba-movie-2026-official-teaser-showing-tomorrow-on-yorubaplus","","0","true"
"8830265e-bb35-45ca-852d-359565a7cac2","Akinkanju Official Teaser Showing Next on Yorubaplus","akinkanju-yoruba-movie-2026-official-teaser-showing-next-on-yorubaplus","","0","true"
"c78d4523-08e1-4142-81e8-757e1144f34f","Ade Iwa 3 Official Teaser on Yorubaplus","ade-iwa-3-yoruba-movie-2026-official-teaser-now-showing-on-yorubaplus","","0","true"
"84829389-308d-4fc7-9bee-83879e0fa329","Home Official Trailer, Home Will Start Showing at 4pm Tomorrow","home-official-trailer-home-will-start-showing-at-4pm-tomorrow","","0","true"
"0feae620-0b5c-4fc4-ba60-49d7addac183","Ade Iwa 3 Official Teaser Showing Tomorrow on Yorubaplus","ade-iwa-3-yoruba-movie-2026-official-teaser-showing-tomorrow-on-yorubaplus","","0","true"
"98ccfff3-b8ea-4c0c-add1-5dcd37221108","KING OF KINGS 3&4 TEASER - Zubby Michael","king-of-kings-34-teaser-zubby-michael-2026","","0","true"
"10ce998d-2e4f-448f-8fa8-bf79931b2a6a","Lion of Judah Official Teaser Showing Tomorrow on Yorubaplus","lion-of-judah-yoruba-movie-2026-official-teaser-showing-tomorrow-on-yorubaplus","","0","true"
"37866236-6361-4a7f-b28e-13143e8b714b","Tipa Tipa Official Trailer Showing Tomorrow on Yorubaplus","tipa-tipa-yoruba-movie-2026-official-trailer-showing-tomorrow-on-yorubaplus","","0","true"
"19f19f36-744a-4e3f-b220-f679daed66f3","Temi Ogbe Official Teaser Showing Tomorrow on Yorubaplus","temi-ogbe-yoruba-movie-2026-official-teaser-showing-tomorrow-on-yorubaplus","","0","true"
"2bfe79f4-4d84-4c00-8f36-cfbe8272479e","ARA ILE Official Trailer","ara-ile-official-trailer","","0","true"
"42476960-c331-49b5-80ac-ef8353cda88e","Life of a Single Official Teaser on Yorubaplus","life-of-a-single-yoruba-movie-2026-official-teaser-now-showing-on-yorubaplus","","0","true"
"335b903b-6bc1-4d46-aebc-8e72b73ff9fe","Life of a Single 2 Official Teaser Showing Tomorrow on Yorubaplus","life-of-a-single-2-yoruba-movie-2026-official-teaser-showing-tomorrow-on-yorubaplus","","0","true"
"07bd098e-d529-4c4b-8e80-d414814ca874","ISE Ikoko - Official Trailer","ise-ikoko-official-trailer-showing-next-on-bobby-films-productions","","0","true"
"1813aa21-3f0e-484d-a0cf-cdf7904e7c20","Ade Iwa 2 Official Teaser Showing Saturday on Yorubaplus","ade-iwa-2-yoruba-movie-2026-official-teaser-showing-saturday-on-yorubaplus","","0","true"
"3a1fb284-66d1-44aa-8c2b-9fa420bbaf57","Ezekudene(teaser 2)~ Lizzy Gold, Princess Izuchukwu, Sochi Infiniti","ezekudeneteaser-2-lizzy-gold-princess-izuchukwu-sochi-infiniti-2026-nigerian-movie","","0","true"
"75c4593c-d2b1-4880-8aeb-4239d8453714","Ade Iwa 2 Official Teaser Showing Tomorrow on Yorubaplus","ade-iwa-2-yoruba-movie-2026-official-teaser-showing-tomorrow-on-yorubaplus","","0","true"
"62bcd480-fb80-44b1-a809-5db06f43e3ad","Life of a Single Official Teaser Showing Tomorrow on Yorubaplus","life-of-a-single-yoruba-movie-2026-official-teaser-showing-tomorrow-on-yorubaplus","","0","true"
"972f3f68-ee31-4601-b4a1-49e3d8495fe0","GEN Z School Official Trailer","gen-z-school-official-trailer-yoruba-movie-showing-25th-march-on-apankufortv","","0","true"
"d231107e-0cc7-4c1f-952f-79e6f0d4bea6","Love Triangle - Official Trailer","love-triangle-official-trailer-showing-next-on-bobby-films-productions","","0","true"
"023d4f1c-49bd-4aba-8121-c41291451e5f","Dangerous Love 2 Official Teaser on Yorubaplus","dangerous-love-2-yoruba-movie-2026-official-teaser-now-showing-on-yorubaplus","","0","true"
"d4cb8622-a08b-4f3a-8265-05db56325070","For Love and for Life Trailer","for-love-and-for-life-trailer","","0","true"
"02cd4a7d-cfbe-4faf-9376-8f7a4ccf1aa2","Patako Esu the Return Official Teaser on Yorubaplus","patako-esu-the-return-yoruba-movie-2026-official-teaser-now-showing-on-yorubaplus","","0","true"
"54fb789c-16c4-4117-891d-af28f22b58a9","NNE Oku(official Trailer)~ Mercy Kenneth, Sharon Ifedi","nne-okuofficial-trailer-mercy-kenneth-sharon-ifedi-2026","","0","true"
"546828e8-e791-4acb-a563-cc6f9397df64","Dangerous Love Official Trailer on Yorubaplus","dangerous-love-yoruba-movie-2026-official-trailer-now-showing-on-yorubaplus","","0","true"
"4be44b3e-aca5-4812-a683-dad0373ac982","Hearts That Stay (trailer) - Sunday, 15th March, Right Here @eddiewatsontv","hearts-that-stay-trailer-sunday-15th-march-right-here-eddiewatsontv","","0","true"
"a8f2b69a-8f28-4593-bb92-2b3337dfb71b","Queen of Secret Official Trailer on Yorubaplus","queen-of-secret-yoruba-movie-2026-official-trailer-now-showing-on-yorubaplus","","0","true"
"6a2c7ed5-e31c-4023-85e4-a2f1cef4c432","Executive Wife Official Trailer on Yorubaplus","executive-wife-yoruba-movie-2026-official-trailer-now-showing-on-yorubaplus","","0","true"
"34a3baeb-6ad7-42bc-bcca-6bfcd67f853b","Where IS MY Husband (showing Now!!!) - Trailer","where-is-my-husband-showing-now-official-2026-movie-trailer","","0","true"
"3a36fb40-641b-4b13-b2fd-bd516185cfb6","Ade Iwa 2 Official Trailer Showing Next on Yorubaplus","ade-iwa-2-yoruba-movie-2026-official-trailer-showing-next-on-yorubaplus","","0","true"
"d32a47af-2aac-4f75-a193-6a2bc07d7893","Okun Emi Official Trailer Showing Next on Yorubaplus","okun-emi-yoruba-movie-2026-official-trailer-showing-next-on-yorubaplus","","0","true"
"5d6398d4-5302-49d7-bfc2-70b4e56676d0","Esugbayi Trailer....... New Movie by Jide Kosoko","esugbayi-trailer-new-movie-by-jide-kosoko","","0","true"
"049ba109-6d27-4eab-96e4-3ef660af1da4","Adigun Alagbaro Official Trailer Showing Tomorrow on Yorubaplus","adigun-alagbaro-yoruba-movie-2026-official-trailer-showing-tomorrow-on-yorubaplus","","0","true"
"35979cdb-b871-4011-b6d7-aa946f2adca9","Alaimokan Official Trailer on Yorubaplus","alaimokan-yoruba-movie-2026-official-trailer-now-showing-on-yorubaplus","","0","true"
"b773a757-69b2-40a3-8162-9b27cb2353ac","Agbo Odaju Trailer I","agbo-odaju-trailer-i-yoruba-movie-2026-showing-tomorrow-on-corporatepicturestv","","0","true"
"276e4726-9d55-4578-bca0-b768934e3063","Awele Olobi Official Trailer Showing Next on Yorubaplus","awele-olobi-yoruba-movie-2026-official-trailer-showing-next-on-yorubaplus","","0","true"
"447dcd53-8df5-4fbb-b6a5-3ea846dc97ef","Four Friends Official Trailer Showing Next on Yorubaplus","four-friends-yoruba-movie-2026-official-trailer-showing-next-on-yorubaplus","","0","true"
"6c53fff5-9f04-4d59-a9c3-0ecf9fe9e44f","Fimihan - Official Trailer","fimihan-official-trailer-showing-1st-of-march-on-bobby-films-productions-ltd","","0","true"
"7d215148-55a9-46b5-9ca8-fabacd735305","Olugbodi Official Trailer Showing Next on Yorubaplus","olugbodi-yoruba-movie-2026-official-trailer-showing-next-on-yorubaplus","","0","true"
"295f3319-d496-4e8a-ac58-abac09f97650","Friends and Family L Official Trailer L Showing from 27th of Feb.","friends-and-family-latest-nollywood-movie-2026-l-official-trailer-l-showing-from-27th-of-feb","","0","true"
"014552b0-f1df-4e85-ab95-1ade001c16cc","Perfect Wife Trailer - Movie Showing Friday 27th","perfect-wife-trailer-movie-showing-friday-27th","","0","true"
"e9b42d9f-ba5c-444d-b534-4ef487e86a2f","Iriju Official Trailer","iriju-latest-2026-yoruba-movie-official-trailer","","0","true"
"d3545b67-2a3c-4288-affe-7d256fce7040","Alangba 2 Official Trailer on Yorubaplus","alangba-2-yoruba-movie-2026-official-trailer-now-showing-on-yorubaplus","","0","true"
"19030843-1d1c-4af3-b3f5-cf810dad6321","Alapa 2 (ruins) Official Trailer (showing on Fri. 27th) Wumi Toriola","alapa-2-ruins-official-trailer-showing-on-fri-27th-wumi-toriola-akeem-adeyemi-tola-oladokun","","0","true"
"2ecd11c8-c137-40fb-b27c-dae350a1fc1a","Okanlomo Official Trailer Showing Next on Yorubaplus","okanlomo-yoruba-movie-2026-official-trailer-showing-next-on-yorubaplus","","0","true"
"0db75c92-4212-44d9-9a7d-d2548e334532","Mimi Official Trailer Showing Next on Yorubaplus","mimi-yoruba-movie-2026-official-trailer-showing-next-on-yorubaplus","","0","true"
"e32aa438-33dc-4be0-97c5-e0dfa8a4d842","Unusual Lover Trailer","unusual-lover-trailer","","0","true"
"8ede3afa-9398-4ba2-8a12-523fb379c9ac","Without YOU (showing Now!!!) - Trailer","without-you-showing-now-official-2026-movie-trailer","","0","true"
"b88b4229-c4ad-41ba-8c55-6dc23b4c36ff","Ranti MI Official Trailer Showing Next on Wunmiajiboyetv","ranti-mi-yoruba-movie-2026-official-trailer-showing-next-on-wunmiajiboyetv","","0","true"
"4de00115-e3b5-49fb-9a8e-55d81f32b821","Fimihan - Official Trailer","fimihan-official-trailer-showing-now-on-bobby-films-productions-ltd","","0","true"
"33f79083-24cd-4dab-b0c4-1b1e3c38b7df","Doctor's Love(official Trailer)~ Stephen Odimgbe, Chizoba Nwokoye Full","doctors-loveofficial-trailer-stephen-odimgbe-chizoba-nwokoye-full-2026-nigerian-movie","","0","true"
"395e9c4f-88ff-4b67-8534-71522d94a4d0","Ancient Apocalypses 3&4 Teaser -ugeju. J Ugezu ,peace Onuoha,chibuike Darlington","ancient-apocalypses-34-teaser-ugeju-j-ugezu-peace-onuohachibuike-darlington-2026","","0","true"
"1ffa1e98-709a-43fd-a8da-19bbf6a4d513","10 Days to Love - Official Trailer","10-days-to-love-official-trailer","","0","true"
"49c0dd57-6f37-42ba-8819-3246816acdd0","Baami Trailer/ Yoruba NEW Movie by Jide Kosoko.","baami-trailer-yoruba-nollywood-2026-new-movie-by-jide-kosoko","","0","true"
"00e3998e-3d55-4323-ac53-05ad3776ecf5","Best Friends in the World: the Year Between (new Movie Trailer)","best-friends-in-the-world-the-year-between-new-movie-trailer","","0","true"
"11d91c6b-f1c2-445e-b4db-dcc534d5da51","Bro Code Trailer","bro-code-trailer","","277","true"
"c8f777ce-b5a3-4ce3-99c9-b1f3645e7465","The Snake Crown(official Trailer)~ Maleek Milton,ogbu Johnson Full","the-snake-crownofficial-trailer-maleek-miltonogbu-johnson-full-2026-nigerian-movie","","0","true"
"0c0d23cb-4737-4e19-b3c8-ce674e0d67f7","Sawo Sogberi Official Trailer","sawo-sogberi-official-trailer-yoruba-movie-showing-soon-on-apankufortv","","0","true"
"32cab731-e6fa-426b-8ce6-a8636019d3b0","Mopélólá Aríjàgbà L Official Trailer L Showing from 1st of FEB","mopll-arjgb-latest-yoruba-movie-2026-l-official-trailer-l-showing-from-1st-of-feb","","0","true"
"56fa1e56-5f6e-48ce-8c33-a9161ce30546","TWO CAN Love Again Trailer","two-can-love-again-trailer","","0","true"
"0ade2b88-9850-473f-ba60-9f822d657f22","Root & Branches (official Trailer)","root-branches-official-trailer","","0","true"
"5a539456-400f-40a0-a829-97c9b42e54e2","Setemi - Official Trailer","setemi-official-trailer-showing-next-on-bobby-films-productions-ltd","","0","true"
"09de6ad8-c0e6-4a6b-9652-1d0ffaeee438","Alajo Somolu Official Trailer","alajo-somolu-official-trailer","","0","true"
"29b8d4f9-c04c-47c6-a5c9-5661c63ac687","Àjẹpọ̀ L Official Trailer L Showing from 11th Dec","jp-latest-yoruba-movie-2025-l-official-trailer-l-showing-from-11th-dec-2025","","0","true"
"300eed93-0a01-4a9e-b195-ba5fa0c68f5e","Ojoo Ola Official Trailer Showing This Thurs on Wale Rasaqtv","ojoo-ola-yoruba-movie-2025-official-trailer-showing-this-thurs-on-wale-rasaqtv","","0","true"
"280c9fec-64e5-410b-8893-8015b070fd28","Ounje OMO (fruit of Labour) Official Trailer","ounje-omo-fruit-of-labour-official-trailer","","0","true"
"3f0cf6ca-17fd-4912-a2fd-9b46b61310ac","Ranti MI Teaser Showing Next on Wunmi Ajiboyetv","ranti-mi-teaser-showing-next-on-wunmi-ajiboyetv","","0","true"
"0d1dc434-3988-4c13-9581-ab5fae73ce57","Game of Interest 5&6 Teaser","game-of-interest-56-teaser","","0","true"
"13fdd7cd-8d08-4f8f-a05b-5a17c58c5c0d","Dangote MY In-law 3&4 Teaser","dangote-my-inlaw-34-teaser","","0","true"
"0cf0dc2f-9a5f-4803-817a-edde61621cb3","The Carpenter Official Trailer Showing Tomorrow on Apatatv+","the-carpenter-yoruba-movie-2026-official-trailer-showing-tomorrow-on-apatatv","","0","true"
"0724176a-d9fa-4b30-b1fe-2e4f24724c48","Kuku OJO - (showing Now!!!) Trailer","kuku-ojo-showing-now-official-2026-movie-trailer","","0","true"
"3c27e902-f808-4d25-8e21-aa42b3afabe2","Oluobe Official Trailer Showing Next on Apatatv+","oluobe-yoruba-movie-2026-official-trailer-showing-next-on-apatatv","","0","true"
"0a8a0005-c3bd-48f8-b459-10d819f3f283","Babarimisa Official Trailer Showing Next on Apatatv+","babarimisa-yoruba-movie-2026-official-trailer-showing-next-on-apatatv","","0","true"
"448d1f94-7c93-4765-ae12-3638f79251b0","Sins of MY Brother 3&4 Teaser-prisma James /stanley Igboanugo","sins-of-my-brother-34-teaserprisma-james-stanley-igboanugo","","0","true"
"19a2437c-c5b5-4cad-9af1-de2e2f659dcf","Ashes of Abeni Official Trailer Showing Tomorrow on Yorubaplus","ashes-of-abeni-yoruba-movie-2026-official-trailer-showing-tomorrow-on-yorubaplus","","0","true"
"2ca2193d-ec49-4a0a-b16c-4681170d1e53","Kusoro Ajabiiji Official Trailer Showing Next on Yorubaplus","kusoro-ajabiiji-yoruba-movie-2026-official-trailer-showing-next-on-yorubaplus","","0","true"
"2e48b9b1-a5e4-4749-9d8e-25936bef4a75","Omo Lasan Official Trailer Showing Tomorrow on Apatatv+","omo-lasan-yoruba-movie-2026-official-trailer-showing-tomorrow-on-apatatv","","0","true"
"318d4428-8b46-42a8-8fdd-c91c79621c33","ORO IFE Trailer I","oro-ife-trailer-i-yoruba-movie-2026-now-showing-on-corporatepicturestv","","0","true"
"11c44fca-2fde-4092-a8c1-a2229690e70d","Olaocha (official Trailer) Chibuike Darlington, Chisom Steve","olaocha-official-trailer-chibuike-darlington-chisom-steve-2026-latest-nigerian-nollywood-movie","","0","true"
"14c1c674-e0c7-4f30-ad30-1b7026bf50ba","Game of Interest 3&4 Teaser","game-of-interest-34-teaser","","0","true"
"7e6cf912-0abb-4566-bd71-409e60d845b8","Wazobia (peace Across the Niger) Official Trailer Showing Next on Apatatv+","wazobia-peace-across-the-niger-yoruba-movie-2026-official-trailer-showing-next-on-apatatv","","0","true"
"04bb7abd-0ba4-4d30-9a1a-5062571dc6fa","The Killer Official Trailer Showing Tommorow on Yorubaplus","the-killer-yoruba-movie-2026-official-trailer-showing-tommorow-on-yorubaplus","","0","true"
"07464b54-0b8f-4409-9320-d2133442a4ef","The Wrestling Princess 3&4 (teaser)","the-wrestling-princess-34-teaser-2026-latest-nigerian-nollywood-movie","","0","true"
"49c06568-8a32-4c59-ac2e-b8dcbe4eaae5","OJA Trailer","oja-latest-yoruba-movie-trailer-showing-this-friday","","0","true"
"659120ba-5233-4d8a-ba7a-6badf4dd6cd5","Bantale Official Trailer Showing Next on Yorubaplus","bantale-yoruba-movie-2026-official-trailer-showing-next-on-yorubaplus","","0","true"
"39713c70-bfe6-48c7-ab07-fc182b1fab7c","King of Kings 5&6 Teaser - Zubby Michael","king-of-kings-56-teaser-zubby-michael-2026-latest-nigerian-nollywood-movie","","0","true"
"01ce0065-b25b-450e-a815-cd17a3f3eb76","Door of NO Return(teaser 2)","door-of-no-returnteaser-2uju-okolimaleek-miltonsochi-infinite","","0","true"
"5d52b1a3-6416-496e-8ec7-370ceca39a92","Onibode Official Trailer on Wale Rasaqtv","onibode-yoruba-movie-2025-official-trailer-now-showing-on-wale-rasaqtv","","0","true"
"0ce75fbc-6faf-4b81-9bca-4109e6a2474a","Paaro - Official Trailer","paaro-official-trailer-showing-next-on-bobby-films-productions-ltd","","0","true"
"1cfed7bc-6f46-4fa2-a744-8cc8ee04b98f","A Touch from Love Trailer","a-touch-from-love-trailer","","0","true"
"799d43f8-13d8-4670-a0a4-0b905275dff1","Oloomi L Official Trailer L Showing from Dec 4th on the Damilola Oni Tv","oloomi-latest-yoruba-movie-2025-l-official-trailer-l-showing-from-dec-4th-on-the-damilola-oni-tv","","0","true"
"5c8b314b-7985-4cee-a96e-2210fbdfb8ba","Afoku IGO Official Trailer Coming Soon on Oluwafemi Odustv","afoku-igo-official-trailer-coming-soon-on-oluwafemi-odustv","","0","true"
"f10495fa-0b23-4c30-8d1e-f7a392070338","The Night Market Teaser - Premiering 5th of December","the-night-market-teaser-premiering-5th-of-december","","0","true"
"1d559c75-88f9-4600-87b9-68e4ceedcb43","Sigidi Official Trailer Showing Next on Cowries TV","sigidi-official-trailer-latest-yoruba-movie-2025-showing-next-on-cowries-tv","","0","true"
"1d2de3b4-1982-4e10-8e99-6ab681bd57ac","Fijabi Trailer","fijabi-trailer-2025-latest-yoruba-nollywood","","0","true"
"4d3fb6f2-b75f-4a2c-8ab8-29624569aa44","Eniketa 3 (showing Now!!!) - Movie Trailer","eniketa-3-showing-now-2025-movie-trailer","","0","true"
"382811f1-3de5-44ca-9ed1-151faf052bfd","Ifekufa - Official Trailer","ifekufa-latest-2025-yoruba-movie-official-trailer","","0","true"
"12559191-18dc-4a14-9e28-9fb2a28974a1","Gbotiku Official Trailer","gbotiku-official-trailer-yoruba-movie-showing-on-wed-19112025-om-apankufortv","","0","true"
"8e479dbd-8f01-475b-a99d-4bf4b0ba3600","Ifekufa (teaser)","ifekufa-latest-2025-yoruba-movie-teaser","","0","true"
"7f84b4fb-7ad3-4094-9e1b-d77a7fb612cd","OYE AYE - Official Trailer","oye-aye-official-trailer-showing-next-on-bobby-films-productions-ltd","","0","true"
"07bb94f6-eb45-4131-8e32-d0209e2a50a4","Colours of Fire Adire Documentary Teaser","colours-of-fire-adire-documentary-teaser","","0","true"
"1d8f5fbe-2031-4c99-8308-25ff0ff4f8e0","True to the Heart Trailer","true-to-the-heart-trailer","","0","true"
"5c2d8193-5629-4f68-92c9-0488c41b29e8","Before The King 3&4 Teaser","before-the-king-34-teaser","","0","true"
"aa7fca21-9293-473a-990a-10e05172a038","BEFORE THE KING 5&6 TEASER - Lizzy Gold / Sochi Infinity","before-the-king-56-teaser-lizzy-gold-sochi-infinity-2026","","59524","true"