id,title,is_published,view_count
17a20783-918b-4b99-8623-aee4b45025a6,"(the Movie) Behind-the-scene with Amoke Food's Amala",true,0
1ffa1e98-709a-43fd-a8da-19bbf6a4d513,"10 Days to Love - Official Trailer",true,0
7c588497-667c-459f-aa9b-f0bef663c675,"20 Million Official Trailer Showing Next on Yorubaplus",true,0
38bb9674-5223-42fa-8923-e2745d6057b9,"A Chain Reaction",true,0
af84ee3d-3367-4a6d-9121-d594552e671a,"A Ghanaian Youths in Uae Dubai Travel Story Amazing Interview,(akwasi Marfo Visit Mr.evans)",true,354
838bd5ea-0cbe-4ba1-8bf3-ece3d2cf41aa,"A Lover's Gift Trailer",true,0
1cfed7bc-6f46-4fa2-a744-8cc8ee04b98f,"A Touch from Love Trailer",true,0
bcb8eedd-f543-4abe-97a5-3a7f0ea4c2bd,"Aamo Official Trailer Showing Next on Yorubanood",true,0
c76b34c4-3a11-428a-85a6-45f149caa08f,"Abami Trailer",true,0
45c1a9bf-30e1-448b-aef1-9f92a8269665,"Ade Iwa 2 Official Teaser on Yorubaplus",true,0
1813aa21-3f0e-484d-a0cf-cdf7904e7c20,"Ade Iwa 2 Official Teaser Showing Saturday on Yorubaplus",true,0
75c4593c-d2b1-4880-8aeb-4239d8453714,"Ade Iwa 2 Official Teaser Showing Tomorrow on Yorubaplus",true,0
3a36fb40-641b-4b13-b2fd-bd516185cfb6,"Ade Iwa 2 Official Trailer Showing Next on Yorubaplus",true,0
c78d4523-08e1-4142-81e8-757e1144f34f,"Ade Iwa 3 Official Teaser on Yorubaplus",true,0
0feae620-0b5c-4fc4-ba60-49d7addac183,"Ade Iwa 3 Official Teaser Showing Tomorrow on Yorubaplus",true,0
97bae66b-e90e-4a6f-9a4f-f8d3db370652,"Adehun Official Trailer Showing Next on Yorubaplus",true,0
c34750cb-df9f-46f0-acf8-65c7be169df9,"Adigun Alagbaro 2 Official Teaser on Yorubaplus",true,0
0c381d4e-dd00-46c5-895a-7ee614e1a3b9,"Adigun Alagbaro 2 Official Teaser Showing Tomorrow on Yorubaplus",true,0
c736b66d-2777-40a6-a5e2-e18595b0dca7,"Adigun Alagbaro Official Trailer on Yorubaplus",true,0
049ba109-6d27-4eab-96e4-3ef660af1da4,"Adigun Alagbaro Official Trailer Showing Tomorrow on Yorubaplus",true,0
9fc7c7f8-dcd3-4773-b553-8589b0c9c09d,"Aduke Alajo Yoruba L Trailer L",true,0
5c8b314b-7985-4cee-a96e-2210fbdfb8ba,"Afoku IGO Official Trailer Coming Soon on Oluwafemi Odustv",true,0
7fe91ddc-0829-4021-84d9-834695d54893,"Afowofonna Official Trailer Showing Next on Apatatv+",true,0
c147ae18-cd92-494c-a6db-e0f099e625f9,"Agartha Teaser",true,0
69959aff-0d7d-407a-8343-05671a315bd7,"Agbo Odaju 2 Trailer I Showing Next on Corporatepicturestv",true,0
b773a757-69b2-40a3-8162-9b27cb2353ac,"Agbo Odaju Trailer I",true,0
5f866b94-496a-41ba-8517-e3d68a39d698,"Aisiki - (showing Now!!!) Trailer",true,0
1d4522d3-1f64-4a61-a6b9-acb3261cc0ff,"Aisiki 2 (showing Now!!!) - Trailer",true,0
29b8d4f9-c04c-47c6-a5c9-5661c63ac687,"Àjẹpọ̀ L Official Trailer L Showing from 11th Dec",true,0
dd702da2-9940-47c4-8bcf-c825f0522fe8,"Ajero (trailer)",true,0
ce8f6bbd-2e40-4df1-a8d7-d0c250db30ad,"Ajilekege 2 Official Trailer on Yorubaplus",true,0
fe0de155-7ab8-444d-9ce6-ea7f2e5c2723,"Ajilekege 3 Official Trailer Showing Tomorrow on Yorubaplus",true,0
2dbd8307-b4ed-4711-9c21-1a80433ab7d5,"Ajilekege Official Teaser Showing Friday on Yorubaplus",true,0
4dd68fcc-6a7a-46ee-b301-0b6e350ef5a7,"Ajilekege Official Trailer Showing Soon on Yorubaplus",true,0
398b8bdb-31ff-447b-8079-7e7f5792e0c1,"Ajilekege Official Trailer Showing Tomorrow on Yorubaplus",true,0
360189bc-92fd-4c90-87f4-d1e1633870f0,"Akabenezer Interview FT Grumaiishifo Berniceli",true,159
24425ea4-78d4-41a3-ab46-9ff7b0c2be87,"Akanji Gbajumo Official Trailer Showing Soon on Ogboluke TV",true,0
8830265e-bb35-45ca-852d-359565a7cac2,"Akinkanju Official Teaser Showing Next on Yorubaplus",true,0
87d5da89-54fe-4f3f-bc83-dd0eaa8f75c9,"Akinkanju Official Trailer on Yorubaplus",true,0
3c0e7471-8018-44cb-b8fe-3ef7e67b11f8,"Akwasi Marfo Interview Young Girl Talented UP Coming Artists Mizbrown",true,249
35979cdb-b871-4011-b6d7-aa946f2adca9,"Alaimokan Official Trailer on Yorubaplus",true,0
09de6ad8-c0e6-4a6b-9652-1d0ffaeee438,"Alajo Somolu Official Trailer",true,0
5f6f1072-04de-4167-87f3-4acc88255f0c,"Alakada GEN Z – Trailer",true,0
b61e71d0-1bc9-4ba3-80bb-381a1ac1766f,"Alakada GEN Z PART 2 – Trailer",true,0
d3545b67-2a3c-4288-affe-7d256fce7040,"Alangba 2 Official Trailer on Yorubaplus",true,0
be702624-0908-4c42-a2c2-3f1aff8829e7,"Alapa (ruins) Official Trailer (showing on Friday 13th) Wumi Toriola",true,0
19030843-1d1c-4af3-b3f5-cf810dad6321,"Alapa 2 (ruins) Official Trailer (showing on Fri. 27th) Wumi Toriola",true,0
d74aa9ec-f7d8-4ede-a4b8-8f965f12beae,"Alaso ALA - Official Trailer",true,0
295e6f65-bfee-413b-8020-8294f480543b,"ALMOST PERFECT TRAILER",true,29775
72b7d4c6-3c45-448a-9f90-bb5b1c400bab,"Amazing Interview : Are Heaven & Hell Real. snake Eyes Shares His Opinion",true,106
1a493e9e-7eaf-4d5a-a0d9-69afd043f0f7,"AMI Official Trailer Youruba Movie Showing 9th of April .",true,0
395e9c4f-88ff-4b67-8534-71522d94a4d0,"Ancient Apocalypses 3&4 Teaser -ugeju. J Ugezu ,peace Onuoha,chibuike Darlington",true,0
e2038970-a922-4852-96f5-32d072757e41,"Ancient Apocalypses 5&6 Teaser -ugeju. J Ugezu ,peace Onuoha,chibuike Darlington",true,0
9e776f4a-c340-47e8-b443-bd3379883169,"Aníkúlápó Series Season2 : the Ghoul Awakens ｜ Official Trailer",true,0
c45d10e2-1e84-4286-ad76-e33abd7bb824,"Aníkúlápó Series Season2: The Ghoul Awakens ｜ Official Trailer",true,122904
e44ca6f8-e810-45b5-8465-7ecf92a25676,"Another Side of Royalty 5&6 (teaser)",true,0
87adb4fb-dbe6-420f-b166-473f28861691,"Another Side of Royalty 7&8 (teaser)",true,0
8f7d39af-a35b-4519-b266-6039f118a741,"Apata Trailer I",true,0
2bfe79f4-4d84-4c00-8f36-cfbe8272479e,"ARA ILE Official Trailer",true,0
7a0ef69e-1168-47bc-b653-61745a1e3295,"Arokan Official Teaser Showing Next on Yorubaplus",true,0
4728d415-1a62-4b96-8788-f0085986b608,"Arokan Official Trailer on Yorubaplus",true,0
83992016-d7c5-4781-bb74-dfaae3ddc71a,"Arowosaye Official Teaser on Yorubaplus",true,0
44b65957-b199-4140-9081-4daad8e93afb,"Arowosaye Official Teaser Showing Next on Yorubaplus",true,0
3567b57c-80ba-49ad-b7c0-cec1c7cd0126,"Arowosaye Official Teaser Showing Tomorrow on Yorubaplus",true,0
2cf143a3-6e3a-42a7-ae72-7e3e9e892410,"Ashes of Abeni Official Trailer on Yorubaplus",true,0
e76c785f-24e8-4a3c-85fc-029010d36f7a,"Ashes of Abeni Official Trailer Showing Next on Yorubaplus",true,0
19a2437c-c5b5-4cad-9af1-de2e2f659dcf,"Ashes of Abeni Official Trailer Showing Tomorrow on Yorubaplus",true,0
4e14522c-0484-4b99-82ea-2a6decd2e494,"Asinge Official Trailer on Yorubaplus",true,0
e7f252c9-3d49-4862-833e-fa7a1ddd8134,"Asinge Official Trailer Showing Tomorrow on Yorubaplus",true,0
94eb904e-af6b-457e-92d8-1818df66b6ae,"Asiri Fitila Official Teaser Showing Next on Yorubaplus",true,0
cc47d50e-cc0a-4639-98e1-579984920079,"Asiri Fitila Official Trailer Showing Tomorrow on Yorubaplus",true,0
553345d8-717c-4874-b087-b2f46e795649,"Asiri NI - Official Trailer",true,0
77867d3a-f2e3-49cd-86b1-75b8e572efc6,"Asise EDA - Official Trailer",true,0
41742a78-3346-4c4a-bb34-d84678b400fc,"Atopinpin Trailer Lronke Oshodi Oke L Ebun Oloyede L Debby Shokoya L Oluwakemi Iyanda L Aliu Gaffar",true,0
19226ce1-30e6-4a64-b819-cb80d3e6d3a1,"Atrocity Official Trailer on Apatatv+",true,0
c4551e0a-fa2e-4aed-9be5-8ef295bf8332,"Atrocity Official Trailer Showing Tomorrow on Apatatv+",true,0
0709811e-3d88-41b5-95df-5a1e90f92e4b,"Atunbi Trailer",true,0
276e4726-9d55-4578-bca0-b768934e3063,"Awele Olobi Official Trailer Showing Next on Yorubaplus",true,0
e0ef5817-55a3-496d-a9e9-5b0cbbea4775,"Awero Official Trailer Showing Next on Yorubaplus",true,0
81cc8d25-9ea1-4632-a1f3-ef1506c0c274,"Ayederu Official Trailer on Yorubaplus",true,0
064125c8-ca35-430c-8c1d-8b6a83f587e8,"Ayetimowa Official Trailer Showing Next On Yorubaplus",true,0
49c0dd57-6f37-42ba-8819-3246816acdd0,"Baami Trailer/ Yoruba NEW Movie by Jide Kosoko.",true,0
ca435796-b246-4490-bcdf-6330b089e338,"Baba Rere Official Trailer Showing Next on Yorubaplus",true,0
869ee843-c315-4b49-8157-a02d16b9510e,"Baba Rere Official Trailer Showing Tomorrow on Yorubaplus",true,0
0a8a0005-c3bd-48f8-b459-10d819f3f283,"Babarimisa Official Trailer Showing Next on Apatatv+",true,0
4e793d0b-161c-485d-8b91-90ffb081308b,"Baddie Appreciation Post .",true,0
659120ba-5233-4d8a-ba7a-6badf4dd6cd5,"Bantale Official Trailer Showing Next on Yorubaplus",true,0
5c2d8193-5629-4f68-92c9-0488c41b29e8,"Before The King 3&4 Teaser",true,0
30cdfa3a-5c9a-43c3-9ed8-5ff183e2186a,"BEFORE THE KING 5&6 TEASER",true,0
aa7fca21-9293-473a-990a-10e05172a038,"BEFORE THE KING 5&6 TEASER - Lizzy Gold / Sochi Infinity",true,59524
a9cbbfbd-48a5-420c-95a1-dff38d9fa753,"Behind The Scenes",true,0
1fc7757f-53e9-40f1-bc9e-9b811018ab7e,"Beside Love Trailer",true,0
00e3998e-3d55-4323-ac53-05ad3776ecf5,"Best Friends in the World: the Year Between (new Movie Trailer)",true,0
fe1dc78f-9a60-4089-ac07-141d8ebff562,"Bestie Oko Mi 2 Official Trailer on Yorubaplus",true,0
bd6c13cf-56e3-4044-8376-67b1cda75f96,"Bestie Oko Mi 2 Official Trailer Showing Tomorrow on Yorubaplus",true,0
6ac6be9b-a635-4182-9a5f-0020472f0048,"Bestie Oko Mi 2 Official Trailer Showing Tuesday on Yorubaplus",true,0
e8fc14ea-76ed-42b5-a488-6e7eadd4c02a,"Bestie Oko Mi Official Trailer On Yorubaplus",true,0
6a8c8b82-1c52-4f6e-bc85-6908880b2358,"Bestie Oko Mi Official Trailer Showing Tomorrow on Yorubaplus",true,0
0cb59992-b268-486b-872d-b6bb9da19e34,"Bestie Oko Mi Official Trailer Showing Tuesday on Yorubaplus",true,0
9133a9dc-7517-42de-9547-c5a1fb35fbdc,"Black Brilliant & Bold Trailer",true,0
871efeb5-02e4-4f62-97eb-3905e22a496f,"Bloody Death(official Trailer)~ Maleek Milton, Sochi Infiniti Full",true,0
11d91c6b-f1c2-445e-b4db-dcc534d5da51,"Bro Code Trailer",true,277
0a8360f2-2b6b-4e23-b282-38a10100d5dc,"Broken Mirrror 3&4 Teaser",true,0
e99f05b2-dc34-4c38-ada1-02d803a78ca8,"Bury HIM 2 Teaser- Lizzygold Onuwaje, YUL Edochie - Drops Tomorrow by 5pm",true,0
13566d4e-0e41-4ca6-a30d-a7b5aebdd414,"Bury the Prince 5&6 Teaser",true,0
1bfd0602-ad1a-4365-8076-fa842351d61a,"Canadian Kids Birthday Party Highlights + Teaching Afro Dance Steps",true,0
a5ecc19f-8233-4187-aac4-2de3c83def3f,"Ceaseless Official Trailer Showing Next on Yorubaplus",true,0
f07fd066-f2b7-4e38-ac4e-db0b75c614d9,"Celebrity Reactions to Chuck Norris' Death",true,1224
a5ed2b87-7132-43e5-8274-9df39c78ea98,"Chasing After Love Trailer",true,0
b75c9acd-b4ef-4a2e-a79b-756efc15b1ff,"CLASH OF ROYALS 3&4 TEASER",true,0
25f30f84-add9-4a21-8796-99d4b75b27d8,"CLASH OF ROYALS 5&6 TEASER",true,0
6bd32192-62d6-4778-b610-38c051ab6dd8,"Colours of Fire (beast Interview)",true,0
07bb94f6-eb45-4131-8e32-d0209e2a50a4,"Colours of Fire Adire Documentary Teaser",true,0
d8b83e05-d73f-432e-a808-7098886fd7d8,"Damifunre Official Trailer a Powerful Story on Bullying",true,0
6772264b-d1d6-45b5-aef8-cb65217618b9,"Damipe Official Trailer Showing Tomorrow on Yorubaplus",true,0
4f8e947f-98c1-4660-955d-14deefe0199c,"Dangerous Bead Official Trailer",true,0
023d4f1c-49bd-4aba-8121-c41291451e5f,"Dangerous Love 2 Official Teaser on Yorubaplus",true,0
6683dc53-5372-4187-9685-28c922915fbb,"Dangerous Love 2 Official Teaser Showing Tomorrow on Yorubaplus",true,0
546828e8-e791-4acb-a563-cc6f9397df64,"Dangerous Love Official Trailer on Yorubaplus",true,0
13fdd7cd-8d08-4f8f-a05b-5a17c58c5c0d,"Dangote MY In-law 3&4 Teaser",true,0
2a35555d-db04-4e7b-9c8f-c143e3398913,"Daniel Effiong and Chinonso Arubayi Star in Asfl Coming November 5th- Teaser",true,0
cf4235fa-9aab-44d7-ac0e-6604c5f8f98d,"Dela - The Making Of El Anatsui",true,757
d2691e41-c4ab-4b4a-8cc5-464f32833f38,"Demon Trailer",true,0
33f79083-24cd-4dab-b0c4-1b1e3c38b7df,"Doctor's Love(official Trailer)~ Stephen Odimgbe, Chizoba Nwokoye Full",true,0
01ce0065-b25b-450e-a815-cd17a3f3eb76,"Door of NO Return(teaser 2)",true,0
a4374b69-5efd-483f-a633-9afcffd801b2,"Drums of the Masquerade(official Trailer)~ Frederick Leonard, Lizzy Gold",true,0
83666203-e51f-4758-9ffd-e000d99fe7a5,"Drums of the Masquerade(teaser 2)frederick Leonard, Lizzy Gold",true,0
806776cf-f162-46c4-9f97-f2a9a5aff010,"Ebako (full Interview)...",true,4022
35f3001a-1df7-4a39-91ad-2a9e8221d54c,"ECHO BEFORE THE WEDDING - TRAILER",true,1035776
557ae1ec-add0-4d56-9a24-81c98c696c13,"Egan Ore Official Trailer on Apatatv+",true,0
33495a4a-a3ac-4ed0-ab4c-1f6862ab8775,"Egan Ore Official Trailer Showing Next on Apatatv+",true,0
83b3e4a7-ff25-44d6-8a7c-c09201be3768,"Egan Ore Official Trailer Showing Tomorrow on Apatatv+",true,0
94e63fe6-4e8f-4072-ab7d-ac04648b8bb4,"Egbeji Director Interview",true,0
7eadb595-be4f-474d-8635-780de4dbe08d,"Ẹ̀gbẹ̀jí Trailer by Samuel ""ajirebi"" Olasehinde",true,0
880cf86c-3aad-4282-870e-38879836f787,"Ẹ̀gbẹ̀jí Trailer by Samuel ""ajirebi"" Olasehinde @officialsamuelajirebi",true,0
e5897a1d-1054-4a91-b625-c9bd626d347f,"Elegbeje ADO Official Trailer",true,0
78bf1eb4-3ae0-4594-8975-26ef1ad634bb,"Elulu- Comedy Official Trailer",true,0
9356c9a1-a434-46d4-b6f8-1555c4bc2cd5,"Emere Meta Trailer",true,0
e211e3b6-7f23-43ea-bd20-753c6d878623,"EMI (soul) Trailer",true,0
958a29bd-0c12-4036-94fd-79395028a1a9,"Eniketa 2 - (showing Now!!!) Trailer",true,0
4d3fb6f2-b75f-4a2c-8ab8-29624569aa44,"Eniketa 3 (showing Now!!!) - Movie Trailer",true,0
5b21a43f-d55b-442c-b43e-3fa4f4622c77,"Episode 1: Making Of Afang Soup With Wofai Fada",true,0
85fb1055-4eef-43da-9169-f30624c47c2c,"Episode 2: Making Of Yam Porridge With Wofai Fada",true,0
d2abd3c4-b793-42f5-9583-a15b1b4df416,"Ere Maami - Official Trailer",true,0
dff48c40-e3ec-40c1-a32d-cf76790ec497,"Eri Ife Official Trailer on Apatatv+",true,0
e0249822-fd6d-4e5d-a373-1e79fd460a77,"Eri Ife Official Trailer Showing Tomorrow on Apatatv+",true,0
ed0e844a-3610-4627-a77f-b1bab8d0461d,"Erioluwa Official Trailer Showing Next on Yorubaplus",true,0
a6518817-ef71-4e5c-a86e-a40ac2ee6051,"Eru Werey Official Trailer Showing Next on Apatatv+",true,0
6606b5ee-a26f-4e01-9502-9a09dec60965,"Eshin Oyinbo Official Teaser Showing Next on Yorubaplus",true,0
5d6398d4-5302-49d7-bfc2-70b4e56676d0,"Esugbayi Trailer....... New Movie by Jide Kosoko",true,0
146638b0-0460-4982-ae99-135c35348d4c,"ETO Oluwa Official Trailer Showing Soon on Aishatlawaltv",true,0
dfb117f5-a19d-4412-930a-e1a468f3d0f8,"EWU IFE (the Consequence of Love) - Official Trailer",true,0
02fd5b7b-02bf-4054-867a-f7b79218edc6,"Exclusive Interview",true,1703
0b41170a-9e13-412d-88c1-d23e5c609001,"Exclusive Interview with Adakirikiri",true,0
b1688957-e2f1-45b0-9d0c-e3f2f0ba0a30,"Exclusive Interview with Wayoosi I M Not Dead",true,58
6a2c7ed5-e31c-4023-85e4-a2f1cef4c432,"Executive Wife Official Trailer on Yorubaplus",true,0
b49ca151-545a-4748-aff9-590926598edc,"Executive Wife Official Trailer Showing Next on Yorubaplus",true,0
6eef7dca-bc4a-41b9-ae17-960629a657a4,"Ezekudene(official Trailer)~ Lizzy Gold, Princess Izuchukwu, Sochi Infiniti",true,0
3a1fb284-66d1-44aa-8c2b-9fa420bbaf57,"Ezekudene(teaser 2)~ Lizzy Gold, Princess Izuchukwu, Sochi Infiniti",true,0
5959fb15-5cf5-41ae-b825-6ad4a58e1e2a,"Fake Mattress Wahala: Check Out Ghanaians' Reactions After Many Discovered Theirs Were Fake",true,10182
f15b0b4b-2257-4eb9-8a60-f7b82914b67f,"Femo Lala Official Trailer Showing 6th February on Oluwafemi Odustv",true,0
1d2de3b4-1982-4e10-8e99-6ab681bd57ac,"Fijabi Trailer",true,0
7530497b-9286-481d-a46a-f8571adcb81c,"Fijabi Trailer ( PART 2 )",true,0
6c53fff5-9f04-4d59-a9c3-0ecf9fe9e44f,"Fimihan - Official Trailer",true,0
4de00115-e3b5-49fb-9a8e-55d81f32b821,"Fimihan - Official Trailer",true,0
23387f98-c3a0-45bc-bbc1-715af08856aa,"Fimisokan Official Trailer",true,0
e9c1b4bd-f93c-4c44-ab5b-b3ff54aa6312,"Finding Mr Ideal EPISODE 2 Teaser",true,0
48214719-3f7b-4aed-90ed-03e3e38180c8,"Fitila Official Trailer Showing Next on Apatatv+",true,0
d4cb8622-a08b-4f3a-8265-05db56325070,"For Love and for Life Trailer",true,0
447dcd53-8df5-4fbb-b6a5-3ea846dc97ef,"Four Friends Official Trailer Showing Next on Yorubaplus",true,0
295f3319-d496-4e8a-ac58-abac09f97650,"Friends and Family L Official Trailer L Showing from 27th of Feb.",true,0
8e86863d-e50c-4523-8b3e-072df321bd84,"Full Interview of Sulley Muntari and Wife Menaye with Bolay Ray on Starr Chat",true,8703
14c1c674-e0c7-4f30-ad30-1b7026bf50ba,"Game of Interest 3&4 Teaser",true,0
0d1dc434-3988-4c13-9581-ab5fae73ce57,"Game of Interest 5&6 Teaser",true,0
5c2988ee-3df7-4975-a07b-2fc40ac88e63,"Gbotiku Official Trailer",true,0
12559191-18dc-4a14-9e28-9fb2a28974a1,"Gbotiku Official Trailer",true,0
972f3f68-ee31-4601-b4a1-49e3d8495fe0,"GEN Z School Official Trailer",true,0
4c838c59-ec1b-4c6c-9dbe-24a5e18192fe,"GEN Z SCHOOL Official Trailer",true,14572
7e966ba9-0934-4727-8021-cd5d68b6a54b,"Ha Obirin Official Trailer Showing Next on Yorubaplus",true,0
9b2c8baa-d40c-40fa-ae39-4fa7f7513717,"Healing /official Trailer/showing Next On Mobimpetv",true,0
4be44b3e-aca5-4812-a683-dad0373ac982,"Hearts That Stay (trailer) - Sunday, 15th March, Right Here @eddiewatsontv",true,0
cb638ebd-ba61-4e2c-ab23-5b99bbbb3c9b,"Highlights: Afrima Grand Finale",true,0
7de1dfde-3078-4c45-82a4-923300eedf0d,"Highly Misunderstood 3&4 Teaser",true,0
1f195bee-0874-4c4a-8800-ceab969776eb,"Highly Misunderstood 5&6 Teaser",true,0
08b1ad3c-d085-46e7-913f-4c570776b2c7,"Him and Interviewer Were Not on the Same Page",true,0
84829389-308d-4fc7-9bee-83879e0fa329,"Home Official Trailer, Home Will Start Showing at 4pm Tomorrow",true,0
b17f2723-ff75-4163-8747-3a35f7103e92,"Hon. Collins Amankwaah Disrespects Nana Akufo Addo for Refusing Interview About Odo Broni & Lumba",true,3486
9ddb62db-91ee-4054-80cc-d0734a7c617e,"I AM NOT a Criminal Official Trailer",true,0
f4f91a1b-c4c6-4e98-a153-d34efb6e9694,"I Don't Even Know Her Name Kuami Eugene Interview with B Ice",true,5274
d1cbeb78-c705-41b1-82ce-c5a3322b8fdc,"Ibinu Sango - Official Trailer",true,0
b0209aff-ab2d-4c35-9fc9-229a28ffb868,"Idena - Official Trailer",true,0
f4278367-03da-41f9-b736-f2c2c3c66c94,"IFE Pade (official Trailer) — Two Hearts. One Destiny.",true,0
382811f1-3de5-44ca-9ed1-151faf052bfd,"Ifekufa - Official Trailer",true,0
8e479dbd-8f01-475b-a99d-4bf4b0ba3600,"Ifekufa (teaser)",true,0
e352881f-de5b-4189-89e7-7acb230a2c8b,"Igbiyanju - Official Trailer",true,0
dc4ea8b0-eb65-4c72-8d18-0a5f02fb16c5,"IJA Abiamo Official Trailer Showing Soon on Aishatlawaltv",true,0
0cec774b-24a5-486f-9a34-8fc0344540e5,"IJA IKOKO - OFFICIAL TRAILER",true,6051
93e034fe-4cb0-4af6-ba54-092797be37a5,"Ikorita Official Trailer Showing Next on Yorubaplus",true,0
af1082f0-00ec-42a3-ba11-f0701b9d44f5,"Ikorita Official Trailer Showing Tomorrow on Yorubaplus",true,0
8d44759b-d426-43d6-9d21-49bd5254c59d,"Ileri Mi Official Trailer Showing Next on Apatatv+",true,0
a2ef97c5-580d-4c43-a834-ca9f3eae8e75,"Innocent Mistake 5&6 (teaser)",true,0
e73cb181-544d-4077-852c-30db60ac7dfb,"Instant Wife Trailer",true,0
0edb5ba5-25b9-4594-bc27-af9f580be948,"Interview - Knowing Your Favorite Acts of Saamu Alajo ( Saamu Alajo Crew)",true,108499
d540a1ed-12b2-48bf-aef8-1cc2a238c423,"Interview - Knowing Your Favorite Acts of Saamu Alajo PT 2 ( Saamu Alajo Crew)",true,93938
e0c797bf-2253-4d45-9440-1710e8a79b09,"Interview and Appreciation",true,77584
463a640f-3904-4ce6-8e28-643878647075,"Interview with Hon. Abayomi Fagbenro Bibire",true,875
ddf9e675-57a8-4ca3-8bf2-3878cc6d436a,"Interview with Prince Ademola Ayoade",true,862
8fcbffd5-d9f1-4baa-ad4a-7c5dba18cd09,"Inu Mi Official Trailer Showing Next on Yorubaplus",true,0
c7f7a9f0-e78c-49a0-b8a5-e59a54fde3a0,"Ipekun Ife Official Trailer on Yorubaplus",true,0
b4c19920-6bf0-4370-be22-02cf6ffbe858,"Ipekun Ife Official Trailer Showing Tomorrow on Yorubaplus",true,0
4c918310-f657-4dc4-aecc-e0e4d3dfc133,"Ipile Official Trailer Showing Tomorrow on Apatatv+",true,0
3c7c874d-898a-4ed7-bc54-9de52631dfaa,"Iran Ologo 2 (official Trailer)",true,0
c84e5eda-674d-46b6-b85d-6da5d72f91c3,"Iran Ologo Trailer Showing Tomorrow, Friday by 4pm",true,0
1de7bfcd-69e6-4dfd-be8c-7abe7588f948,"Iri Ajeji Official Trailer Showing Tomorrow on Yorubaplus",true,0
e9b42d9f-ba5c-444d-b534-4ef487e86a2f,"Iriju Official Trailer",true,0
6d64b136-5bb9-4bd1-a7c2-8c77d4c1375f,"Iron Money 3&4 (teaser)",true,0
e0bb05db-0f4f-4754-bfba-53cea0e788bf,"Iron Money 5&6 (teaser)",true,0
93746977-292f-4c44-85d8-0cc8515f7a89,"Iron Money 7&8 (teaser)",true,0
3da384e2-b5a1-4323-8032-180497088177,"Iruju (complicted) Official Trailer",true,0
07bd098e-d529-4c4b-8e80-d414814ca874,"ISE Ikoko - Official Trailer",true,0
2a32ce54-4606-4346-9296-2c2defdb5807,"Isekotu Official Trailer on Yorubaplus",true,0
a1cbd817-21fe-4006-b24d-6d465441b993,"Isekotu Official Trailer Showing Tomorrow on Yorubaplus",true,0
fe8b530d-da7d-424b-a9f1-d2fca19b1e9e,"Iskolobo Official Trailer on Yorubaplus",true,0
edeca721-70f8-477d-96d0-b958f015672b,"Iskolobo Official Trailer Showing Next on Yorubaplus",true,0
4806e7c5-9a64-46c9-a624-df3b5d6d0306,"Iskolobo Official Trailer Showing Tomorrow on Yorubaplus",true,0
b5340b4a-b087-46ab-9b5f-89f63fe3d901,"Iwon IFE L Official Trailer L Showing from 20th of November",true,0
6d16df1d-cff5-4345-be6e-865b63a2438b,"Iya Sebili to Interviewer",true,0
61313706-56f0-4a31-b5ab-dd7bdeee7cb7,"Iyawo Mi Official Trailer Showing Friday on Apatatv+",true,0
832e844b-e5ee-4155-bdbe-7b80ee47b153,"Iyawo Ogba by Victoria Adeboye .. Bloopers ..showing Soon",true,0
d71fdc97-b515-4b2f-98ba-e2577d70091a,"Iyawo Ogba Official Trailer",true,0
8121f4cb-10c2-4f2a-bcd9-9b43104747f0,"JECINTA THE WISE FOOL 3&4 TEASER",true,0
8a369d30-155d-47ac-bf68-c639d953f574,"Jecinta the Wise Fool 5&6 Teaser",true,0
aacf032d-928b-4f2c-a28d-09613c0220b4,"JOB INTERVIEW",true,0
c6707d73-2550-49f0-b563-de8872fa713a,"JOB Interview Lasisi Elenu",true,0
9a4d5546-5f21-41e8-ac60-a62a9aea5aa4,"Judy Austin Sues Ex-Husband Mr Obasi In Reaction To Honest Bunch Podcast Interview",true,37003
d39730d8-5db7-4c83-8116-3d9ca04e6752,"King of Boys - Official Trailer",true,723254
d294a9a2-eca4-4eb7-bda8-57cc96feeded,"KING OF BOYS Teaser",true,12911
98ccfff3-b8ea-4c0c-add1-5dcd37221108,"KING OF KINGS 3&4 TEASER - Zubby Michael",true,0
39713c70-bfe6-48c7-ab07-fc182b1fab7c,"King of Kings 5&6 Teaser - Zubby Michael",true,0
4ae6a438-733a-4642-ac5b-24d79fb6ba5b,"KING OF KINGS 5&6 TEASER - Zubby Michael",true,14891
08112236-5e23-460e-aa9d-0c3e5db4e611,"King's Guard 11&12 (teaser)",true,0
1fd3b3e3-614f-4fee-b6d4-d5aad3b76caa,"King's Guard 3&4 (teaser)",true,0
bb9c9437-390e-4486-9c34-ce01c8904187,"Kokobiota (the Return of Mopelola) L Official Trailer L Showing April 23rd",true,0
25842336-8f93-435b-8b32-647ad4b9a983,"Koleoso Part 6 (season 2) Official Teaser. Will Be Showing On 24th Of October",true,0
fecb3c7c-39f5-4036-8b07-996cf33c6367,"KORIKO OFFICIAL TRAILER",true,2691
0724176a-d9fa-4b30-b1fe-2e4f24724c48,"Kuku OJO - (showing Now!!!) Trailer",true,0
d9ef92f5-3d1a-4348-b8ac-00261d50830d,"Kuku OJO - Official Trailer",true,0
2ca2193d-ec49-4a0a-b16c-4681170d1e53,"Kusoro Ajabiiji Official Trailer Showing Next on Yorubaplus",true,0
335b903b-6bc1-4d46-aebc-8e72b73ff9fe,"Life of a Single 2 Official Teaser Showing Tomorrow on Yorubaplus",true,0
42476960-c331-49b5-80ac-ef8353cda88e,"Life of a Single Official Teaser on Yorubaplus",true,0
62bcd480-fb80-44b1-a809-5db06f43e3ad,"Life of a Single Official Teaser Showing Tomorrow on Yorubaplus",true,0
b85da85b-29f4-4f09-b08d-1056b7373368,"Lion of Judah Official Teaser on Yorubaplus",true,0
19ffa42d-cf20-4205-906d-80fffaaea7db,"Lion of Judah Official Teaser Showing Next on Yorubaplus",true,0
10ce998d-2e4f-448f-8fa8-bf79931b2a6a,"Lion of Judah Official Teaser Showing Tomorrow on Yorubaplus",true,0
5fd87d48-7252-46dc-8946-7890fadab5db,"Live: Max Verstappen on Mclaren Offer, F1 Cadillac News, F1 Crash Highlights",true,0
46b6f1cb-5f77-4dd9-a03e-148e74afb493,"Lord and Master 3&4 Teaser -yul Edochie,osita Iheme,gina King",true,0
f7780bba-5589-4a0c-9ea2-f09cfb27ca92,"Lord and Master 5&6 Teaser -yul Edochie,osita Iheme,gina King",true,0
faebdd07-5136-46a9-b585-fb0e03398213,"Love And Destiny Official Trailer #shorts #",true,0
745fe01e-81eb-4b9e-9fde-8cd79f704097,"Love Beyond Sanity Movie Official Trailer Showing Next in This Channel",true,0
c4393176-0e98-465f-aa36-6e70ec9534ac,"Love Beyond Scars Trailer",true,0
6fc46b34-41b5-47d3-b1f2-9dc148da25dd,"Love in Ghetto (showing Now!!!) - Trailer",true,0
aa7e9924-92ea-41aa-bec8-ad97ba55d19d,"Love in Motion Trailer",true,0
f4c9670a-4684-4aba-91fa-7c0eca39b20b,"Love in Real Time Trailer",true,0
acb48a99-2ccd-490f-95e6-6b6a765488e5,"Love IS a Game Trailer",true,0
929a23cd-cd1b-4919-9910-a988b4daaaf0,"Love on the RUN Trailer",true,0
65d97536-5f28-4c52-b9d3-748d9cbe38eb,"Love Over ALL Trailer",true,0
df0dad1d-f57d-4d33-aaf8-9033301e452a,"Love Ride Teaser- ESO Dike",true,0
b5d10574-0fe0-40b2-aa2d-c9f4d522d20f,"Love SO Tender Trailer",true,0
ab28de9c-f2ea-4d84-a309-faa439d4800b,"Love That Heals Trailer",true,0
d231107e-0cc7-4c1f-952f-79e6f0d4bea6,"Love Triangle - Official Trailer",true,0
3b21d9d1-2e43-406f-9c5e-abaf82c36f88,"Love Under Lock(official Trailer)~ Faith Duke, BEN Touitou Full",true,0
a69b8d86-e2cb-41a6-9600-0451a669dcc5,"Maame Serwaa Dating JJ Ba Exclusive Interview with Dave Hammer",true,23
acab580d-1e19-402d-b8ba-a3b98e8c0215,"Madaru Trailer with Your Favorite Actors & Actresses Young Faces/ Showing from 16th of April by 4pm.",true,0
e2ebfd40-58e7-44d4-9c5e-995d73475513,"Maid of Love Trailer",true,0
b88b13c6-e167-4341-b2f7-574cbaae45ef,"Making of MY Dear Queen Uchenancy",true,0
67dcd991-5e98-4620-8c65-57af066c15ed,"Making of Orirebirth by Muyiwa Ademola Authentic.",true,0
521ddfae-69c4-4e07-bfab-549e8f204b16,"Making of TNT NEW Movie Alert-uchenancy",true,0
fb3ed340-9bd7-43de-ad3f-7a88622e52d1,"Marriage Is Not Enough 2 Official Trailer Showing on Tues 5th of May on Yorubaplus",true,0
2834bddf-0f7c-487c-97a0-434fe667f3bf,"Marriage Is Not Enough 2 Official Trailer Showing Tomorrow on Yorubaplus",true,0
884ff9fc-a297-471b-98a4-b7e8aaf0d132,"Marriage Is Not Enough Official Trailer on Yorubaplus",true,0
a9800f32-439d-4c9e-b307-2151b7097dd4,"Marriage Is Not Enough Official Trailer Showing Next on Yorubaplus",true,0
b7d1f67d-c1fb-4d63-ab65-07d44402bcc2,"Marriage Is Not Enough Official Trailer Showing Tommorow on Yorubaplus",true,0
60f87c66-58be-4725-9cd6-6edd9c537955,"Maryam - Trailer",true,0
5d6cc5fa-6a72-460c-b3bb-be022b71c268,"Maryam 2 - !!! Trailer",true,0
1acac894-2822-44ad-834d-a4569760fe26,"Mi Yi Dima Director Interview",true,0
e8248286-b30e-44f9-b377-823f0117302b,"Mi Yi Dima Trailer by Iyke Osoka",true,0
0db75c92-4212-44d9-9a7d-d2548e334532,"Mimi Official Trailer Showing Next on Yorubaplus",true,0
adba25dc-d17b-4cc2-b081-6a8a246ccbf8,"Mofe Director Interview",true,0
75ef98a1-1f6f-4bec-9d79-7bbd9cf13da4,"Mofe Trailer by Ashimedua Odiachi",true,0
32cab731-e6fa-426b-8ce6-a8636019d3b0,"Mopélólá Aríjàgbà L Official Trailer L Showing from 1st of FEB",true,0
84432669-a7af-4bec-b06c-936320c51bef,"MY Breathe of Love Trailer",true,0
c24523db-e1e8-4e64-bd2d-47750e5ad423,"Nanny MY Heart Trailer",true,0
c5b81a59-6d58-4cd1-b7c5-3347a2a49d77,"Night Religion Trailer Toyin Abraham Ajeyemi, Bolaji Ogunmola, Chimezie Imo, Emeka Okoye, Ayo Mogaji",true,0
9a330ea9-b3e1-45e8-b422-b782660a47cc,"Ninu Igbeyawo - Official Trailer",true,0
54fb789c-16c4-4117-891d-af28f22b58a9,"NNE Oku(official Trailer)~ Mercy Kenneth, Sharon Ifedi",true,0
9830c396-a215-4f8e-84fc-e932dd7774fd,"Obaapa Aeyiwaa Interview Sypro Hot Cinema",true,0
6f2a9ae7-df7e-499d-84c0-2bc75c1ab528,"Obaapa Agyeiwaa Interview Ojors Kabus Juneborn on Unfaithful",true,0
51858415-9471-4618-83fd-9b8bf6c03085,"Obawunmi Official Trailer on Yorubaplus",true,0
8fd8101a-7d6a-42bb-93f9-29fdaa2b57e2,"Obawunmi Official Trailer Showing Tomorrow on Yorubaplus",true,0
7c0b13cc-203c-4986-8d2f-f320cb16a7e8,"Obrafour Really Dissed Me Okyeame Kwame Interview with B Ice",true,2590
846baf25-f8bf-4e82-8fbb-05dc4e5ae4ce,"Odifour Asafo Agyei ONE on ONE with Akwasi Marfo on Amazing Interview",true,297
c519c50a-49d2-40b0-b836-a776a09321fa,"Official Trailer",true,0
58abb8e6-b64a-48fd-b73d-27f6346565df,"Offricer Woos! Wo! You Can't Be Here for an Interview.",true,0
be31df6b-1748-446e-8073-ecd728bead60,"OJA 2 Teaser",true,0
49c06568-8a32-4c59-ac2e-b8dcbe4eaae5,"OJA Trailer",true,0
300eed93-0a01-4a9e-b195-ba5fa0c68f5e,"Ojoo Ola Official Trailer Showing This Thurs on Wale Rasaqtv",true,0
e0031e16-5c57-49c0-8072-9108e24742d5,"Oju Fun Oju Official Trailer on Apatatv+",true,0
3c38191b-6729-4b8f-be5c-7b39020bf0de,"Oju Fun Oju Official Trailer Showing Tomorrow on Apatatv+",true,0
2ecd11c8-c137-40fb-b27c-dae350a1fc1a,"Okanlomo Official Trailer Showing Next on Yorubaplus",true,0
d32a47af-2aac-4f75-a193-6a2bc07d7893,"Okun Emi Official Trailer Showing Next on Yorubaplus",true,0
24bfcd9e-83e2-4f45-b680-fdf87b03242d,"Olami Official Trailer on Yorubaplus",true,0
15da7fcc-66d1-47cf-acae-bc143e1d0c92,"Olami Official Trailer Showing Next on Yorubaplus",true,0
b4843553-445d-4c63-be3b-a9d3a782c7f0,"Olami Official Trailer Showing Tomorrow on Yorubaplus",true,0
11c44fca-2fde-4092-a8c1-a2229690e70d,"Olaocha (official Trailer) Chibuike Darlington, Chisom Steve",true,0
4a8b3348-e0d6-49cd-81e5-c19eda518999,"Ologbon Official Teaser on Yorubaplus",true,0
e3efb19b-19a8-4b0c-9018-d7df1265e36a,"Ologbon Official Trailer Showing Next on Yorubaplus",true,0
799d43f8-13d8-4670-a0a4-0b905275dff1,"Oloomi L Official Trailer L Showing from Dec 4th on the Damilola Oni Tv",true,0
f387a15f-f253-4b21-afa2-906a20116fbd,"Olori Olajumoke - Official Trailer",true,0
215b72a8-d4b7-4921-a409-42c0dc144b58,"Olosan Oru Official Teaser on Yorubaplus",true,0
44d7f611-039f-4013-9a95-db761791d8c7,"Olosan Oru Official Teaser Showing Thursday on Yorubaplus",true,0
3de6b55c-2b8d-40b8-9c4e-8b597fc5daea,"Olosan Oru Official Teaser Showing Tomorrow on Yorubaplus",true,0
e16aee88-528a-4692-8ba9-c5c08a5f8ea1,"Olosun Official Trailer Showing Next on Apatatv+",true,0
1b2edbdb-dff1-4996-9984-34ef75ce1c4a,"Olugbeja Olorun Teaser- Showing from 18th Dec. on Epsalumtv",true,0
7d215148-55a9-46b5-9ca8-fabacd735305,"Olugbodi Official Trailer Showing Next on Yorubaplus",true,0
3c27e902-f808-4d25-8e21-aa42b3afabe2,"Oluobe Official Trailer Showing Next on Apatatv+",true,0
51b79294-35f3-49a0-bed2-c2593b22bbd4,"OMI ATA Trailer Showing Soon",true,0
5c9408c9-2bd6-43ae-bafe-3ce7dbb45c23,"Omije (tears)official Trailer of Our New Movie Which Will Start Showing Tomorrow Friday",true,0
eb8cae3a-d3ed-44b4-8595-ebcb907baf62,"Omo Lasan Official Trailer on Apatatv+",true,0
2e48b9b1-a5e4-4749-9d8e-25936bef4a75,"Omo Lasan Official Trailer Showing Tomorrow on Apatatv+",true,0
5d52b1a3-6416-496e-8ec7-370ceca39a92,"Onibode Official Trailer on Wale Rasaqtv",true,0
dba66b4a-8b8f-4bd4-a501-753d99885c3c,"Onte (the Stamp)- Teaser. Will Be Showing on May 1st. Turn on Your Notification",true,0
3392ef1b-44ef-4d64-8f9c-48a5ce2479a1,"Oore - Official Trailer",true,0
98f56cfb-c4ea-435c-803a-b86d747e914a,"Oore Trailer Showing Next",true,0
553efbe0-ade8-4b98-9548-98df2f90725a,"OPA Ijongbon - Official Trailer",true,0
f8c6bbe0-8208-4d6c-8e83-498e23fb262e,"ORO IFE Trailer I",true,0
318d4428-8b46-42a8-8fdd-c91c79621c33,"ORO IFE Trailer I",true,0
0a87b097-c6cb-4fbe-8b30-a16d2f1c3b5c,"Oruka Wura (diamond Ring) Official Trailer Showing Next on Yinka Quadri TV",true,0
280c9fec-64e5-410b-8893-8015b070fd28,"Ounje OMO (fruit of Labour) Official Trailer",true,0
8cb9a1f9-3e8e-40c9-a527-1d56e3c95693,"OWO Agbara - Official Trailer",true,0
7f84b4fb-7ad3-4094-9e1b-d77a7fb612cd,"OYE AYE - Official Trailer",true,0
0ce75fbc-6faf-4b81-9bca-4109e6a2474a,"Paaro - Official Trailer",true,0
5e84432b-25e9-4baa-a89d-7da2fd70f457,"Panumọ L Official Trailer L Showing from 2nd April",true,0
7d9c22ce-c8c7-415c-ba87-35036be149cf,"Patako Esu ( 11 Doors ) Official Trailer Showing Next on Yorubaplus",true,0
b4ad8597-ab06-4041-93d0-e032fe3b060e,"Patako Esu D' Spartacus Official Trailer Showing Tomorrow on Yorubaplus",true,0
edfa228d-87c0-46f2-a9a8-4f1621b22840,"Patako Esu the Return 2 Official Teaser Showing Tomorrow on Yorubaplus",true,0
02cd4a7d-cfbe-4faf-9376-8f7a4ccf1aa2,"Patako Esu the Return Official Teaser on Yorubaplus",true,0
40f26822-7333-4073-add9-8a75d7a67651,"Patako Esu the Return Official Teaser Showing Next on Yorubaplus",true,0
014552b0-f1df-4e85-ab95-1ade001c16cc,"Perfect Wife Trailer - Movie Showing Friday 27th",true,0
35aaed11-9783-432f-b3a8-9cdd7e618043,"Phobia of the Heart Trailer",true,0
bc68a19e-d2ef-45aa-a601-82add0b152f7,"Power of Sacrifice(official Trailer)~stephen Odimgbe, Sochi Infiniti, Jane OBI",true,0
b804fb2f-a0cf-4f48-a678-87aeeec4c798,"Purgatory Director Interview",true,0
8bf2ad7b-d80c-4f69-9e68-be9decd83c00,"Purgatory Trailer by Rotipin Tobiloba",true,0
a8f2b69a-8f28-4593-bb92-2b3337dfb71b,"Queen of Secret Official Trailer on Yorubaplus",true,0
b88b4229-c4ad-41ba-8c55-6dc23b4c36ff,"Ranti MI Official Trailer Showing Next on Wunmiajiboyetv",true,0
3f0cf6ca-17fd-4912-a2fd-9b46b61310ac,"Ranti MI Teaser Showing Next on Wunmi Ajiboyetv",true,0
be1325e9-fe0c-4b95-8d40-3d8f19e337fd,"Rashida and Her Boyfriend Kushman GOT Interviewed.....",true,82
76022e2f-30e6-460d-8ddc-3467ecc061ab,"Redemption Film Complet En Français Action Trailer Rambo Tainted",true,111
0ade2b88-9850-473f-ba60-9f822d657f22,"Root & Branches (official Trailer)",true,0
9ddfacba-4491-4ba2-8dee-e893dfdcfbe3,"Saamu Alajo Teaser Showing Next on Oafptv",true,0
cc33a83b-ece8-45b9-96d2-54d85d57a2a1,"Saamu Alajo Teaser Showing Tomorrow on Oafptv",true,0
091e96fb-71c6-4d34-be3e-114d79ad9c80,"Saamu Alajo Teaser Yoruba Comedy Series EP 253 Showing Next on Oafptv",true,0
99df93d4-dbf7-4c55-8a4b-db92606a2f55,"Sabi Ride Picks I Go Save For An Interview With Barrister Jabin",true,0
0c0d23cb-4737-4e19-b3c8-ce674e0d67f7,"Sawo Sogberi Official Trailer",true,0
1a42aafd-1156-4ee5-a1ef-6816e90ad8c9,"SAWO SOGBERI Official Trailer",true,5996
6c905c58-2a6f-4284-8da0-82d85161cddc,"Serpent and the Throne 3&4 Teaser",true,0
94416d18-508a-4dc4-b479-5c47711c6762,"Serpent and the Throne 5&6 Teaser",true,0
5a539456-400f-40a0-a829-97c9b42e54e2,"Setemi - Official Trailer",true,0
115e36f0-0db2-4844-87f8-694ae83fab4e,"Show ME Love Trailer",true,0
175d270f-4626-4ca2-bae5-6fadbcf678fc,"Sidi Interview Rhiks Hair",true,0
1d559c75-88f9-4600-87b9-68e4ceedcb43,"Sigidi Official Trailer Showing Next on Cowries TV",true,0
448d1f94-7c93-4765-ae12-3638f79251b0,"Sins of MY Brother 3&4 Teaser-prisma James /stanley Igboanugo",true,0
fe20dbe1-8af0-4cb6-af1b-9881b9e61973,"Sister Rebeka Official Trailer",true,0
fb996403-379b-47bb-9c1d-b350c594d773,"Sisters Order 5&6 (teaser)",true,0
279ba597-6ad7-4744-bb37-960d07bae850,"Socail Experiments to SEE There Reaction and I Bless HER 100,000 Naira",true,0
2f2efb4a-a699-460d-b5b9-f09463efea25,"SPICE MY HEART TRAILER",true,0
46205878-5599-4327-bb92-634eda68e626,"Spicy Official Teaser on Yorubaplus",true,0
b0d44ac8-a30c-42c3-bf11-91be092ffc9c,"Spicy Official Teaser Showing Tomorrow on Yorubaplus",true,0
c3f87a96-ac2b-4e4f-9a48-7ac57da587e7,"Spicy Official Trailer Showing Next on Yorubaplus",true,0
28712bda-4f7a-4d8b-b2ad-5894c164c2c1,"Switching on Love Trailer",true,0
c7a9efa9-5440-437d-a232-482a42ce4449,"Teaser: King of Boys 2",true,5868
1d10d4b8-a112-46bf-8d7b-b582dcc6e82b,"Temi Ogbe Official Teaser Showing Next on Yorubaplus",true,0
19f19f36-744a-4e3f-b220-f679daed66f3,"Temi Ogbe Official Teaser Showing Tomorrow on Yorubaplus",true,0
a73c7a7d-3419-4b74-88cd-d7cd231674c1,"The Ancient Vessel(official Trailer)~maleek Milton, Peace Onuoha, Princess Izuchukwu",true,0
c2c6ff12-3187-4ddf-8d11-51a7e02efc3d,"The Carpenter Official Trailer on Apatatv+",true,0
0cf0dc2f-9a5f-4803-817a-edde61621cb3,"The Carpenter Official Trailer Showing Tomorrow on Apatatv+",true,0
d906cf17-b0dd-46ce-90f0-4f4895788e58,"The Echoes of WAR 3&4 (teaser)",true,0
31ec4f3d-6146-428b-9999-e4e7002e4803,"The Echoes of WAR 5&6 (teaser)",true,0
71ea7013-d648-4e5f-8921-917006428c14,"The Full Highlights Video of Epic Fashion Week Show .",true,0
b21cd207-2ddb-43d0-9fcf-ac4d02eb4482,"The Interview",true,1042
3f62b206-506c-41b4-ade0-bcbc7d7e6bcd,"The Job Interview",true,0
d75b4527-9de6-4c5f-a729-1ed79705555b,"The Job Interview",true,0
81f24ca2-8f25-4832-a507-813d45a11074,"The Job Interview",true,0
c96ed4ac-24a9-4ffc-a6eb-3236f7254549,"The JOB Interview",true,0
bc607b2a-efa0-4bc1-bc31-509c89708318,"THE JOB Interview",true,0
5818d320-cae4-4fbf-ae51-371a51a4577a,"THE JOB INTERVIEW",true,0
9547a7e1-63bc-473e-8e36-21ba8933609e,"The JOB Interview Baeu",true,0
94048046-79c6-439e-a36c-30d878308387,"The JOB Interview Lasisi Elenu",true,0
5e640cc2-2c21-4aaf-8ce6-628c2eccf914,"The Killer Official Teaser Showing Next on Yorubaplus",true,0
04bb7abd-0ba4-4d30-9a1a-5062571dc6fa,"The Killer Official Trailer Showing Tommorow on Yorubaplus",true,0
d360462d-2860-4471-b4d0-148d006669c7,"THE KING'S WORD 3&4 TEASER-Mike Godson,Chineye Uba,Princess Sherin Griggs",true,28016
8a67aac5-29d9-4c4b-830d-0458c4b02278,"THE KING'S WORD 5&6 TEASER-Mike Godson,Chineye Uba,Princess Sherin Griggs",true,472
1a917bde-3a4a-4c35-b99a-91932cbc7d28,"The Making of a King",true,0
6831ed78-9b53-4297-a1da-5deee4f40410,"The Making of a New Ghallywood Movies Directed by Jakson K Bentum , Nkansa Lilwin",true,26
ac4f9555-434e-49a9-b698-765af43dc3e5,"The Making of Lanlehin ""iyaafin Owonifaari"" Directed by Funmi Awelewa",true,0
f10495fa-0b23-4c30-8d1e-f7a392070338,"The Night Market Teaser - Premiering 5th of December",true,0
c8f777ce-b5a3-4ce3-99c9-b1f3645e7465,"The Snake Crown(official Trailer)~ Maleek Milton,ogbu Johnson Full",true,0
07464b54-0b8f-4409-9320-d2133442a4ef,"The Wrestling Princess 3&4 (teaser)",true,0
8dc1a850-1228-4154-bc1b-9f4dea93c098,"The Wrestling Princess 5&6 (teaser)",true,0
14be9383-cbb3-421c-ac00-4082c4b57bf1,"Three Point Trailer I",true,0
37866236-6361-4a7f-b28e-13143e8b714b,"Tipa Tipa Official Trailer Showing Tomorrow on Yorubaplus",true,0
c6a79650-7294-4f23-828e-52225dbc04be,"Tori Ife Official Trailer",true,0
1d8f5fbe-2031-4c99-8308-25ff0ff4f8e0,"True to the Heart Trailer",true,0
30965c0b-1395-44d1-9a70-59b419320e85,"Two Brides and a Groom Trailer - Coming Tomorrow",true,0
56fa1e56-5f6e-48ce-8c33-a9161ce30546,"TWO CAN Love Again Trailer",true,0
be623f9f-7c8a-444a-8c04-84cc5279c0ca,"TWO Hearts, ONE MAN Trailer",true,0
b09057f8-dfa1-4ba3-aad7-41a93cbcdb2c,"UNBOXING LOVE",true,0
3e1a9f0d-f554-4ef9-8066-86823c0ae343,"UNCLAIMED - TRAILER",true,230
481c774a-582b-44e3-9d2c-f4d3cd4bce10,"Uncle K Official Trailer",true,0
0dd531f4-16c0-4339-bbb1-cda813b2d70f,"Unheard - Trailer",true,0
e841b390-6545-4df8-a5f6-337c62ef5cf6,"unscripted interview with Nafisat Adigun and Oluwafemi Odugbesan.",true,0
e32aa438-33dc-4be0-97c5-e0dfa8a4d842,"Unusual Lover Trailer",true,0
76308681-c628-4621-995f-d36464fafc93,"Visa on Arrival SEASON 8 Promo Trailer - the Officers Are Back!",true,0
dd76a2e6-9c09-4764-8eb6-080ab7bf711d,"Wahala Landlord Official Trailer Showing Soon on Cowries TV",true,0
7e6cf912-0abb-4566-bd71-409e60d845b8,"Wazobia (peace Across the Niger) Official Trailer Showing Next on Apatatv+",true,0
09330157-ff57-4806-9a1c-6c67ff7a40d3,"What Happens When Mozkoh Walks Into an Interview with Nigeria's Most Unpredictable Boss",true,0
2c4d58e4-f3ee-489f-8486-8f85823cec33,"What Looks Like a Job Interview... Might Just Open the Gates of Darkness",true,0
34a3baeb-6ad7-42bc-bcca-6bfcd67f853b,"Where IS MY Husband (showing Now!!!) - Trailer",true,0
c5afe7b7-98fd-441f-9908-cd178d4945b6,"Why? - Official Trailer",true,0
73dcf793-9ab7-4ff9-831f-73c28bd55256,"Widow (opo) Official Trailer (showing On Fri. 17th) Wumi Toriola",true,0
b2e4792b-88ef-4e0f-a2b7-4ab029860aa0,"Widow 2 (opo) Official Trailer (showing on May 1st) Wumi Toriola",true,0
8ede3afa-9398-4ba2-8a12-523fb379c9ac,"Without YOU (showing Now!!!) - Trailer",true,0
13c08df9-80c5-4f9b-9ab6-3650d916665b,"Yomade Official Trailer",true,0
754ddb7a-db3d-438d-96e9-84c82b7ab85c,"YOUR EXCELLENCY - THE TRAILER",true,266