year,section,rank,title,market,distributor,release_date,gross_label,gross_ngn,page,source_url,criteria,notes
2023,top_10_nollywood_2023,1,A Tribe Called Judah,Nollywood,,,"N1,408,277,541",1408277541,78,https://online.fliphtml5.com/ogfbg/mouh/#p=78,"Films released in 2023 and ended run by March 31, 2024; data source: Comscore.",
2023,top_10_nollywood_2023,2,Malaika,Nollywood,,,N303M,303000000,78,https://online.fliphtml5.com/ogfbg/mouh/#p=78,"Films released in 2023 and ended run by March 31, 2024; data source: Comscore.",
2023,top_10_nollywood_2023,3,Ada Omo Daddy,Nollywood,,,N219M,219000000,78,https://online.fliphtml5.com/ogfbg/mouh/#p=78,"Films released in 2023 and ended run by March 31, 2024; data source: Comscore.",
2023,top_10_nollywood_2023,4,Orisa,Nollywood,,,N128M,128000000,78,https://online.fliphtml5.com/ogfbg/mouh/#p=78,"Films released in 2023 and ended run by March 31, 2024; data source: Comscore.",
2023,top_10_nollywood_2023,5,Merry Men 3,Nollywood,,,N119M,119000000,79,https://online.fliphtml5.com/ogfbg/mouh/#p=79,"Films released in 2023 and ended run by March 31, 2024; data source: Comscore.",
2023,top_10_nollywood_2023,6,Kesari,Nollywood,,,N78M,78000000,79,https://online.fliphtml5.com/ogfbg/mouh/#p=79,"Films released in 2023 and ended run by March 31, 2024; data source: Comscore.",
2023,top_10_nollywood_2023,7,Something Like Gold,Nollywood,,,N60M,60000000,79,https://online.fliphtml5.com/ogfbg/mouh/#p=79,"Films released in 2023 and ended run by March 31, 2024; data source: Comscore.",
2023,top_10_nollywood_2023,8,Afamefuna,Nollywood,,,N55M,55000000,79,https://online.fliphtml5.com/ogfbg/mouh/#p=79,"Films released in 2023 and ended run by March 31, 2024; data source: Comscore.",
2023,top_10_nollywood_2023,9,The Kujus Again,Nollywood,,,N53M,53000000,79,https://online.fliphtml5.com/ogfbg/mouh/#p=79,"Films released in 2023 and ended run by March 31, 2024; data source: Comscore.",
2023,top_10_nollywood_2023,10,A Weekend To Forget,Nollywood,,,N50M,50000000,79,https://online.fliphtml5.com/ogfbg/mouh/#p=79,"Films released in 2023 and ended run by March 31, 2024; data source: Comscore.",
2023,top_10_hollywood_2023,1,Aquaman & The Lost Kingdom,Hollywood,,,N536M,536000000,80,https://online.fliphtml5.com/ogfbg/mouh/#p=80,"Films released in 2023 and ended run by March 31, 2024; data source: Comscore.",
2023,top_10_hollywood_2023,2,John Wick: Chapter 4,Hollywood,,,N367M,367000000,80,https://online.fliphtml5.com/ogfbg/mouh/#p=80,"Films released in 2023 and ended run by March 31, 2024; data source: Comscore.",
2023,top_10_hollywood_2023,3,Fast X,Hollywood,,,N293M,293000000,80,https://online.fliphtml5.com/ogfbg/mouh/#p=80,"Films released in 2023 and ended run by March 31, 2024; data source: Comscore.",
2023,top_10_hollywood_2023,4,Mission: Impossible Dead Reckoning Part One,Hollywood,,,N253M,253000000,80,https://online.fliphtml5.com/ogfbg/mouh/#p=80,"Films released in 2023 and ended run by March 31, 2024; data source: Comscore.",
2023,top_10_hollywood_2023,5,Barbie,Hollywood,,,N229M,229000000,81,https://online.fliphtml5.com/ogfbg/mouh/#p=81,"Films released in 2023 and ended run by March 31, 2024; data source: Comscore.",
2023,top_10_hollywood_2023,6,Creed III,Hollywood,,,N146M,146000000,81,https://online.fliphtml5.com/ogfbg/mouh/#p=81,"Films released in 2023 and ended run by March 31, 2024; data source: Comscore.",
2023,top_10_hollywood_2023,7,The Little Mermaid,Hollywood,,,N140.3M,140300000,81,https://online.fliphtml5.com/ogfbg/mouh/#p=81,"Films released in 2023 and ended run by March 31, 2024; data source: Comscore.",
2023,top_10_hollywood_2023,8,Ant-Man & The Wasp: Quantumania,Hollywood,,,N140M,140000000,81,https://online.fliphtml5.com/ogfbg/mouh/#p=81,"Films released in 2023 and ended run by March 31, 2024; data source: Comscore.",
2023,top_10_hollywood_2023,9,The Equalizer 3,Hollywood,,,N139M,139000000,81,https://online.fliphtml5.com/ogfbg/mouh/#p=81,"Films released in 2023 and ended run by March 31, 2024; data source: Comscore.",
2023,top_10_hollywood_2023,10,The Marvels,Hollywood,,,N138M,138000000,81,https://online.fliphtml5.com/ogfbg/mouh/#p=81,"Films released in 2023 and ended run by March 31, 2024; data source: Comscore.",
2022,top_10_nollywood_2022,1,Brotherhood,Nollywood,,,"N328,926,120",328926120,46,https://online.fliphtml5.com/ogfbg/ioag/#p=46,"Gross box office report above N30M as at December 31, 2022; data source: Comscore.",
2022,top_10_nollywood_2022,2,King Of Thieves,Nollywood,,,"N320,805,150",320805150,46,https://online.fliphtml5.com/ogfbg/ioag/#p=46,"Gross box office report above N30M as at December 31, 2022; data source: Comscore.",
2022,top_10_nollywood_2022,3,Battle On Buka Street,Nollywood,,,"N291,591,266",291591266,46,https://online.fliphtml5.com/ogfbg/ioag/#p=46,"Gross box office report above N30M as at December 31, 2022; data source: Comscore.","Source title marked *; information as at Dec 31, 2022."
2022,top_10_nollywood_2022,4,Ijakumo,Nollywood,,,"N104,473,693",104473693,46,https://online.fliphtml5.com/ogfbg/ioag/#p=46,"Gross box office report above N30M as at December 31, 2022; data source: Comscore.","Source title marked *; information as at Dec 31, 2022."
2022,top_10_nollywood_2022,5,Passport,Nollywood,,,"N86,378,925",86378925,47,https://online.fliphtml5.com/ogfbg/ioag/#p=47,"Gross box office report above N30M as at December 31, 2022; data source: Comscore.",
2022,top_10_nollywood_2022,6,Dinner At My Place,Nollywood,,,"N54,804,289",54804289,47,https://online.fliphtml5.com/ogfbg/ioag/#p=47,"Gross box office report above N30M as at December 31, 2022; data source: Comscore.",
2022,top_10_nollywood_2022,7,The Blood Covenant,Nollywood,,,"N43,122,100",43122100,47,https://online.fliphtml5.com/ogfbg/ioag/#p=47,"Gross box office report above N30M as at December 31, 2022; data source: Comscore.",
2022,top_10_nollywood_2022,8,The Wild Flower,Nollywood,,,"N41,445,405",41445405,47,https://online.fliphtml5.com/ogfbg/ioag/#p=47,"Gross box office report above N30M as at December 31, 2022; data source: Comscore.",
2022,top_10_nollywood_2022,9,Hey You,Nollywood,,,"N36,310,700",36310700,47,https://online.fliphtml5.com/ogfbg/ioag/#p=47,"Gross box office report above N30M as at December 31, 2022; data source: Comscore.",
2022,top_10_nollywood_2022,10,Ile Owo,Nollywood,,,"N34,817,100",34817100,47,https://online.fliphtml5.com/ogfbg/ioag/#p=47,"Gross box office report above N30M as at December 31, 2022; data source: Comscore.",
2022,top_10_hollywood_2022,1,Black Panther: Wakanda Forever,Hollywood,,,"N933,836,567",933836567,48,https://online.fliphtml5.com/ogfbg/ioag/#p=48,"Gross box office report above N30M as at December 31, 2022; data source: Comscore.",
2022,top_10_hollywood_2022,2,The Woman King,Hollywood,,,"N454,010,283",454010283,48,https://online.fliphtml5.com/ogfbg/ioag/#p=48,"Gross box office report above N30M as at December 31, 2022; data source: Comscore.",
2022,top_10_hollywood_2022,3,Doctor Strange 2,Hollywood,,,"N435,338,554",435338554,48,https://online.fliphtml5.com/ogfbg/ioag/#p=48,"Gross box office report above N30M as at December 31, 2022; data source: Comscore.",
2022,top_10_hollywood_2022,4,Thor: Love And Thunder,Hollywood,,,"N375,264,271",375264271,48,https://online.fliphtml5.com/ogfbg/ioag/#p=48,"Gross box office report above N30M as at December 31, 2022; data source: Comscore.",
2022,top_10_hollywood_2022,5,Black Adam,Hollywood,,,"N264,532,024",264532024,49,https://online.fliphtml5.com/ogfbg/ioag/#p=49,"Gross box office report above N30M as at December 31, 2022; data source: Comscore.",
2022,top_10_hollywood_2022,6,Avatar,Hollywood,,,"N252,769,615",252769615,49,https://online.fliphtml5.com/ogfbg/ioag/#p=49,"Gross box office report above N30M as at December 31, 2022; data source: Comscore.",
2022,top_10_hollywood_2022,7,Uncharted,Hollywood,,,"N170,081,048",170081048,49,https://online.fliphtml5.com/ogfbg/ioag/#p=49,"Gross box office report above N30M as at December 31, 2022; data source: Comscore.",
2022,top_10_hollywood_2022,8,The Batman,Hollywood,,,"N162,810,055",162810055,49,https://online.fliphtml5.com/ogfbg/ioag/#p=49,"Gross box office report above N30M as at December 31, 2022; data source: Comscore.",
2022,top_10_hollywood_2022,9,Sonic The Hedgehog,Hollywood,,,"N130,035,468",130035468,49,https://online.fliphtml5.com/ogfbg/ioag/#p=49,"Gross box office report above N30M as at December 31, 2022; data source: Comscore.",
2022,top_10_hollywood_2022,10,Morbius,Hollywood,,,"N126,193,632",126193632,49,https://online.fliphtml5.com/ogfbg/ioag/#p=49,"Gross box office report above N30M as at December 31, 2022; data source: Comscore.",
2021,top_10_nollywood_2021,1,Christmas in Miami,Nollywood,,,N134.54M,134540000,74,https://online.fliphtml5.com/ogfbg/ffuo/#p=74,"Titles released in 2021; data source: Comscore. Asterisked titles were still showing as at Dec 31, 2021.",Source title marked *; still showing.
2021,top_10_nollywood_2021,2,Ghost and the Tout Too,Nollywood,,,N134.46M,134460000,74,https://online.fliphtml5.com/ogfbg/ffuo/#p=74,"Titles released in 2021; data source: Comscore. Asterisked titles were still showing as at Dec 31, 2021.",
2021,top_10_nollywood_2021,3,Prophetess,Nollywood,,,N131M,131000000,74,https://online.fliphtml5.com/ogfbg/ffuo/#p=74,"Titles released in 2021; data source: Comscore. Asterisked titles were still showing as at Dec 31, 2021.",
2021,top_10_nollywood_2021,4,My Village People,Nollywood,,,N100M,100000000,74,https://online.fliphtml5.com/ogfbg/ffuo/#p=74,"Titles released in 2021; data source: Comscore. Asterisked titles were still showing as at Dec 31, 2021.",
2021,top_10_nollywood_2021,5,Aki and Pawpaw,Nollywood,,,N92M,92000000,74,https://online.fliphtml5.com/ogfbg/ffuo/#p=74,"Titles released in 2021; data source: Comscore. Asterisked titles were still showing as at Dec 31, 2021.",Source title marked *; still showing.
2021,top_10_nollywood_2021,6,Ayinla,Nollywood,,,N91M,91000000,74,https://online.fliphtml5.com/ogfbg/ffuo/#p=74,"Titles released in 2021; data source: Comscore. Asterisked titles were still showing as at Dec 31, 2021.",
2021,top_10_nollywood_2021,7,Breaded Life,Nollywood,,,N88M,88000000,74,https://online.fliphtml5.com/ogfbg/ffuo/#p=74,"Titles released in 2021; data source: Comscore. Asterisked titles were still showing as at Dec 31, 2021.",
2021,top_10_nollywood_2021,8,Bad Comments,Nollywood,,,N66M,66000000,74,https://online.fliphtml5.com/ogfbg/ffuo/#p=74,"Titles released in 2021; data source: Comscore. Asterisked titles were still showing as at Dec 31, 2021.",
2021,top_10_nollywood_2021,9,Soole,Nollywood,,,N49M,49000000,74,https://online.fliphtml5.com/ogfbg/ffuo/#p=74,"Titles released in 2021; data source: Comscore. Asterisked titles were still showing as at Dec 31, 2021.",Source title marked *; still showing.
2021,top_10_nollywood_2021,10,Dwindle,Nollywood,,,N43M,43000000,74,https://online.fliphtml5.com/ogfbg/ffuo/#p=74,"Titles released in 2021; data source: Comscore. Asterisked titles were still showing as at Dec 31, 2021.",
2021,top_10_hollywood_2021,1,Spider-Man: No Way Home,Hollywood,,,N527M,527000000,75,https://online.fliphtml5.com/ogfbg/ffuo/#p=75,"Titles released in 2021; data source: Comscore. Asterisked titles were still showing as at Dec 31, 2021.",Source title marked *; still showing.
2021,top_10_hollywood_2021,2,Fast & Furious 9,Hollywood,,,N233M,233000000,75,https://online.fliphtml5.com/ogfbg/ffuo/#p=75,"Titles released in 2021; data source: Comscore. Asterisked titles were still showing as at Dec 31, 2021.",
2021,top_10_hollywood_2021,3,No Time To Die,Hollywood,,,N190M,190000000,75,https://online.fliphtml5.com/ogfbg/ffuo/#p=75,"Titles released in 2021; data source: Comscore. Asterisked titles were still showing as at Dec 31, 2021.",
2021,top_10_hollywood_2021,4,Shang Chi And The Legend Of The Ten Rings,Hollywood,,,N178M,178000000,75,https://online.fliphtml5.com/ogfbg/ffuo/#p=75,"Titles released in 2021; data source: Comscore. Asterisked titles were still showing as at Dec 31, 2021.",
2021,top_10_hollywood_2021,5,The Eternals,Hollywood,,,N129M,129000000,75,https://online.fliphtml5.com/ogfbg/ffuo/#p=75,"Titles released in 2021; data source: Comscore. Asterisked titles were still showing as at Dec 31, 2021.",
2021,top_10_hollywood_2021,6,Black Widow,Hollywood,,,N92M,92000000,75,https://online.fliphtml5.com/ogfbg/ffuo/#p=75,"Titles released in 2021; data source: Comscore. Asterisked titles were still showing as at Dec 31, 2021.",
2021,top_10_hollywood_2021,7,Venom: Let There Be Carnage,Hollywood,,,N90M,90000000,75,https://online.fliphtml5.com/ogfbg/ffuo/#p=75,"Titles released in 2021; data source: Comscore. Asterisked titles were still showing as at Dec 31, 2021.",
2021,top_10_hollywood_2021,8,Mortal Kombat,Hollywood,,,N90M,90000000,75,https://online.fliphtml5.com/ogfbg/ffuo/#p=75,"Titles released in 2021; data source: Comscore. Asterisked titles were still showing as at Dec 31, 2021.",
2021,top_10_hollywood_2021,9,Godzilla Vs. Kong,Hollywood,,,N81M,81000000,75,https://online.fliphtml5.com/ogfbg/ffuo/#p=75,"Titles released in 2021; data source: Comscore. Asterisked titles were still showing as at Dec 31, 2021.",
2021,top_10_hollywood_2021,10,Wrath Of Man,Hollywood,,,N72M,72000000,75,https://online.fliphtml5.com/ogfbg/ffuo/#p=75,"Titles released in 2021; data source: Comscore. Asterisked titles were still showing as at Dec 31, 2021.",
2021,top_20_overall_2021,1,Spider-Man: No Way Home,,,,N527M,527000000,76,https://online.fliphtml5.com/ogfbg/ffuo/#p=76,Top 20 releases at the Nigerian box office in 2021; includes 2020 spillovers where shown by source.,
2021,top_20_overall_2021,2,Fast & Furious 9,,,,N233M,233000000,76,https://online.fliphtml5.com/ogfbg/ffuo/#p=76,Top 20 releases at the Nigerian box office in 2021; includes 2020 spillovers where shown by source.,
2021,top_20_overall_2021,3,No Time To Die,,,,N190M,190000000,76,https://online.fliphtml5.com/ogfbg/ffuo/#p=76,Top 20 releases at the Nigerian box office in 2021; includes 2020 spillovers where shown by source.,
2021,top_20_overall_2021,4,Shang Chi And The Legend Of The Ten Rings,,,,N178M,178000000,76,https://online.fliphtml5.com/ogfbg/ffuo/#p=76,Top 20 releases at the Nigerian box office in 2021; includes 2020 spillovers where shown by source.,
2021,top_20_overall_2021,5,Christmas in Miami,,,,N135M,135000000,76,https://online.fliphtml5.com/ogfbg/ffuo/#p=76,Top 20 releases at the Nigerian box office in 2021; includes 2020 spillovers where shown by source.,
2021,top_20_overall_2021,6,The Ghost And The Tout Too,,,,N134M,134000000,76,https://online.fliphtml5.com/ogfbg/ffuo/#p=76,Top 20 releases at the Nigerian box office in 2021; includes 2020 spillovers where shown by source.,
2021,top_20_overall_2021,7,Prophetess,,,,N131M,131000000,76,https://online.fliphtml5.com/ogfbg/ffuo/#p=76,Top 20 releases at the Nigerian box office in 2021; includes 2020 spillovers where shown by source.,
2021,top_20_overall_2021,8,The Eternals,,,,N129M,129000000,76,https://online.fliphtml5.com/ogfbg/ffuo/#p=76,Top 20 releases at the Nigerian box office in 2021; includes 2020 spillovers where shown by source.,
2021,top_20_overall_2021,9,My Village People,,,,N100M,100000000,76,https://online.fliphtml5.com/ogfbg/ffuo/#p=76,Top 20 releases at the Nigerian box office in 2021; includes 2020 spillovers where shown by source.,
2021,top_20_overall_2021,10,Black Widow,,,,N92M,92000000,76,https://online.fliphtml5.com/ogfbg/ffuo/#p=76,Top 20 releases at the Nigerian box office in 2021; includes 2020 spillovers where shown by source.,
2021,top_20_overall_2021,11,Aki & Pawpaw,,,,N91M,91000000,77,https://online.fliphtml5.com/ogfbg/ffuo/#p=77,Top 20 releases at the Nigerian box office in 2021; includes 2020 spillovers where shown by source.,
2021,top_20_overall_2021,12,Ayinla,,,,N91M,91000000,77,https://online.fliphtml5.com/ogfbg/ffuo/#p=77,Top 20 releases at the Nigerian box office in 2021; includes 2020 spillovers where shown by source.,
2021,top_20_overall_2021,13,Venom: Let There Be Carnage,,,,N90M,90000000,77,https://online.fliphtml5.com/ogfbg/ffuo/#p=77,Top 20 releases at the Nigerian box office in 2021; includes 2020 spillovers where shown by source.,
2021,top_20_overall_2021,14,Mortal Kombat,,,,N90M,90000000,77,https://online.fliphtml5.com/ogfbg/ffuo/#p=77,Top 20 releases at the Nigerian box office in 2021; includes 2020 spillovers where shown by source.,
2021,top_20_overall_2021,15,Breaded Life,,,,N88M,88000000,77,https://online.fliphtml5.com/ogfbg/ffuo/#p=77,Top 20 releases at the Nigerian box office in 2021; includes 2020 spillovers where shown by source.,
2021,top_20_overall_2021,16,Godzilla Vs. Kong,,,,N81M,81000000,77,https://online.fliphtml5.com/ogfbg/ffuo/#p=77,Top 20 releases at the Nigerian box office in 2021; includes 2020 spillovers where shown by source.,
2021,top_20_overall_2021,17,Wrath Of Man,,,,N72M,72000000,77,https://online.fliphtml5.com/ogfbg/ffuo/#p=77,Top 20 releases at the Nigerian box office in 2021; includes 2020 spillovers where shown by source.,
2021,top_20_overall_2021,18,Hitman's Wife's Bodyguard,,,,N67M,67000000,77,https://online.fliphtml5.com/ogfbg/ffuo/#p=77,Top 20 releases at the Nigerian box office in 2021; includes 2020 spillovers where shown by source.,
2021,top_20_overall_2021,19,Bad Comments,,,,N66M,66000000,77,https://online.fliphtml5.com/ogfbg/ffuo/#p=77,Top 20 releases at the Nigerian box office in 2021; includes 2020 spillovers where shown by source.,
2021,top_20_overall_2021,20,Jungle Cruise,,,,N55M,55000000,77,https://online.fliphtml5.com/ogfbg/ffuo/#p=77,Top 20 releases at the Nigerian box office in 2021; includes 2020 spillovers where shown by source.,
2020,top_10_nollywood_2020,1,Omo Ghetto,Nollywood,,,N187M+,187000000,38,https://online.fliphtml5.com/ogfbg/fdfz/#p=38,Top releases in 2020 only; data source: Comscore. Plus signs are printed by the source.,Source amount includes plus sign.
2020,top_10_nollywood_2020,2,Fate of Alakada,Nollywood,,,N113M+,113000000,38,https://online.fliphtml5.com/ogfbg/fdfz/#p=38,Top releases in 2020 only; data source: Comscore. Plus signs are printed by the source.,Source amount includes plus sign.
2020,top_10_nollywood_2020,3,Rattle Snake,Nollywood,,,N69M+,69000000,38,https://online.fliphtml5.com/ogfbg/fdfz/#p=38,Top releases in 2020 only; data source: Comscore. Plus signs are printed by the source.,Source amount includes plus sign.
2020,top_10_nollywood_2020,4,Quam's Money,Nollywood,,,N59M+,59000000,38,https://online.fliphtml5.com/ogfbg/fdfz/#p=38,Top releases in 2020 only; data source: Comscore. Plus signs are printed by the source.,Source amount includes plus sign.
2020,top_10_nollywood_2020,5,Dear Affy,Nollywood,,,N39M,39000000,38,https://online.fliphtml5.com/ogfbg/fdfz/#p=38,Top releases in 2020 only; data source: Comscore. Plus signs are printed by the source.,
2020,top_10_nollywood_2020,6,Who's the Boss,Nollywood,,,N38M,38000000,38,https://online.fliphtml5.com/ogfbg/fdfz/#p=38,Top releases in 2020 only; data source: Comscore. Plus signs are printed by the source.,
2020,top_10_nollywood_2020,7,Legend of Inikpi,Nollywood,,,N29M,29000000,38,https://online.fliphtml5.com/ogfbg/fdfz/#p=38,Top releases in 2020 only; data source: Comscore. Plus signs are printed by the source.,
2020,top_10_nollywood_2020,8,Nneka the Pretty Serpent,Nollywood,,,N28M+,28000000,38,https://online.fliphtml5.com/ogfbg/fdfz/#p=38,Top releases in 2020 only; data source: Comscore. Plus signs are printed by the source.,Source amount includes plus sign.
2020,top_10_nollywood_2020,9,Introducing the Kujus,Nollywood,,,N25M+,25000000,38,https://online.fliphtml5.com/ogfbg/fdfz/#p=38,Top releases in 2020 only; data source: Comscore. Plus signs are printed by the source.,Source amount includes plus sign.
2020,top_10_nollywood_2020,10,Small Chops,Nollywood,,,N25M,25000000,38,https://online.fliphtml5.com/ogfbg/fdfz/#p=38,Top releases in 2020 only; data source: Comscore. Plus signs are printed by the source.,
2020,top_10_hollywood_2020,1,Bad Boys For Life,Hollywood,,,N180M,180000000,39,https://online.fliphtml5.com/ogfbg/fdfz/#p=39,Top releases in 2020 only; data source: Comscore. Plus signs are printed by the source.,
2020,top_10_hollywood_2020,2,Wonder Woman 1984,Hollywood,,,N100M+,100000000,39,https://online.fliphtml5.com/ogfbg/fdfz/#p=39,Top releases in 2020 only; data source: Comscore. Plus signs are printed by the source.,Source amount includes plus sign.
2020,top_10_hollywood_2020,3,Birds of Prey,Hollywood,,,N53M,53000000,39,https://online.fliphtml5.com/ogfbg/fdfz/#p=39,Top releases in 2020 only; data source: Comscore. Plus signs are printed by the source.,
2020,top_10_hollywood_2020,4,Honest Thief,Hollywood,,,N35M,35000000,39,https://online.fliphtml5.com/ogfbg/fdfz/#p=39,Top releases in 2020 only; data source: Comscore. Plus signs are printed by the source.,
2020,top_10_hollywood_2020,5,Sonic: The Hedgehog,Hollywood,,,N34M,34000000,39,https://online.fliphtml5.com/ogfbg/fdfz/#p=39,Top releases in 2020 only; data source: Comscore. Plus signs are printed by the source.,
2020,top_10_hollywood_2020,6,Greenland,Hollywood,,,N25M,25000000,39,https://online.fliphtml5.com/ogfbg/fdfz/#p=39,Top releases in 2020 only; data source: Comscore. Plus signs are printed by the source.,
2020,top_10_hollywood_2020,7,Fantasy Island,Hollywood,,,N24M,24000000,39,https://online.fliphtml5.com/ogfbg/fdfz/#p=39,Top releases in 2020 only; data source: Comscore. Plus signs are printed by the source.,
2020,top_10_hollywood_2020,8,Tenet,Hollywood,,,N23M,23000000,39,https://online.fliphtml5.com/ogfbg/fdfz/#p=39,Top releases in 2020 only; data source: Comscore. Plus signs are printed by the source.,
2020,top_10_hollywood_2020,9,Mulan,Hollywood,,,N22M,22000000,39,https://online.fliphtml5.com/ogfbg/fdfz/#p=39,Top releases in 2020 only; data source: Comscore. Plus signs are printed by the source.,
2020,top_10_hollywood_2020,10,My Spy,Hollywood,,,N21M,21000000,39,https://online.fliphtml5.com/ogfbg/fdfz/#p=39,Top releases in 2020 only; data source: Comscore. Plus signs are printed by the source.,
2020,top_20_overall_2020,1,Sugar Rush,,,25-Dec-2019,N206M,206000000,42,https://online.fliphtml5.com/ogfbg/fdfz/#p=42,"Top 20 at the Nigerian box office in 2020, including releases from 2019; data source: Comscore.",
2020,top_20_overall_2020,2,Omo Ghetto: The Saga,,,25-Dec-2020,N187M+,187000000,42,https://online.fliphtml5.com/ogfbg/fdfz/#p=42,"Top 20 at the Nigerian box office in 2020, including releases from 2019; data source: Comscore.",Source amount includes plus sign.
2020,top_20_overall_2020,3,Bad Boys For Life,,,17-Jan-2020,N180M,180000000,42,https://online.fliphtml5.com/ogfbg/fdfz/#p=42,"Top 20 at the Nigerian box office in 2020, including releases from 2019; data source: Comscore.",
2020,top_20_overall_2020,4,Fate of Alakada,,,01-Oct-2020,N113M+,113000000,42,https://online.fliphtml5.com/ogfbg/fdfz/#p=42,"Top 20 at the Nigerian box office in 2020, including releases from 2019; data source: Comscore.",Source amount includes plus sign.
2020,top_20_overall_2020,5,Wonder Woman 1984,,,18-Dec-2020,N100M+,100000000,42,https://online.fliphtml5.com/ogfbg/fdfz/#p=42,"Top 20 at the Nigerian box office in 2020, including releases from 2019; data source: Comscore.",Source amount includes plus sign.
2020,top_20_overall_2020,6,Merry Men 2: Another Mission,,,20-Dec-2019,N93M,93000000,42,https://online.fliphtml5.com/ogfbg/fdfz/#p=42,"Top 20 at the Nigerian box office in 2020, including releases from 2019; data source: Comscore.",
2020,top_20_overall_2020,7,Jumanji: The Next Level,,,13-Dec-2019,N72M,72000000,42,https://online.fliphtml5.com/ogfbg/fdfz/#p=42,"Top 20 at the Nigerian box office in 2020, including releases from 2019; data source: Comscore.",
2020,top_20_overall_2020,8,Your Excellency,,,13-Dec-2019,N71M,71000000,42,https://online.fliphtml5.com/ogfbg/fdfz/#p=42,"Top 20 at the Nigerian box office in 2020, including releases from 2019; data source: Comscore.",
2020,top_20_overall_2020,9,Rattle Snake,,,13-Nov-2020,N69M+,69000000,43,https://online.fliphtml5.com/ogfbg/fdfz/#p=43,"Top 20 at the Nigerian box office in 2020, including releases from 2019; data source: Comscore.",Source amount includes plus sign.
2020,top_20_overall_2020,10,Quam's Money,,,11-Dec-2020,N59M+,59000000,43,https://online.fliphtml5.com/ogfbg/fdfz/#p=43,"Top 20 at the Nigerian box office in 2020, including releases from 2019; data source: Comscore.",Source amount includes plus sign.
2020,top_20_overall_2020,11,Birds of Prey,,,07-Feb-2020,N53M,53000000,43,https://online.fliphtml5.com/ogfbg/fdfz/#p=43,"Top 20 at the Nigerian box office in 2020, including releases from 2019; data source: Comscore.",
2020,top_20_overall_2020,12,Dear Affy,,,14-Feb-2020,N39M,39000000,43,https://online.fliphtml5.com/ogfbg/fdfz/#p=43,"Top 20 at the Nigerian box office in 2020, including releases from 2019; data source: Comscore.",
2020,top_20_overall_2020,13,Who's the Boss,,,28-Feb-2020,N38M,38000000,43,https://online.fliphtml5.com/ogfbg/fdfz/#p=43,"Top 20 at the Nigerian box office in 2020, including releases from 2019; data source: Comscore.",
2020,top_20_overall_2020,14,Honest Thief,,,16-Oct-2020,N35M,35000000,43,https://online.fliphtml5.com/ogfbg/fdfz/#p=43,"Top 20 at the Nigerian box office in 2020, including releases from 2019; data source: Comscore.",
2020,top_20_overall_2020,15,Sonic: The Hedgehog,,,21-Feb-2020,N34M,34000000,43,https://online.fliphtml5.com/ogfbg/fdfz/#p=43,"Top 20 at the Nigerian box office in 2020, including releases from 2019; data source: Comscore.",
2020,top_20_overall_2020,16,Legend of Inikpi,,,24-Jan-2020,N29M,29000000,43,https://online.fliphtml5.com/ogfbg/fdfz/#p=43,"Top 20 at the Nigerian box office in 2020, including releases from 2019; data source: Comscore.",
2020,top_20_overall_2020,17,Nneka the Pretty Serpent,,,18-Dec-2020,N28M,28000000,43,https://online.fliphtml5.com/ogfbg/fdfz/#p=43,"Top 20 at the Nigerian box office in 2020, including releases from 2019; data source: Comscore.",
2020,top_20_overall_2020,18,Spies in Disguise,,,27-Dec-2019,N27M,27000000,43,https://online.fliphtml5.com/ogfbg/fdfz/#p=43,"Top 20 at the Nigerian box office in 2020, including releases from 2019; data source: Comscore.",
2020,top_20_overall_2020,19,Introducing the Kujus,,,27-Nov-2020,N25M+,25000000,43,https://online.fliphtml5.com/ogfbg/fdfz/#p=43,"Top 20 at the Nigerian box office in 2020, including releases from 2019; data source: Comscore.",Source amount includes plus sign.
2020,top_20_overall_2020,20,Greenland,,,30-Oct-2020,N25M,25000000,43,https://online.fliphtml5.com/ogfbg/fdfz/#p=43,"Top 20 at the Nigerian box office in 2020, including releases from 2019; data source: Comscore.",
2019,top_40_releases_2019,1,Avengers: End Game,Hollywood,BLUE PICTURES,26-Apr-19,"N528,396,437",528396437,18,https://online.fliphtml5.com/ogfbg/euke/#p=18,Box Office at a Glance: Top 40 releases in 2019.,
2019,top_40_releases_2019,2,The Lion King 3d,Hollywood,BLUE PICTURES,19-Jul-19,"N316,190,682",316190682,18,https://online.fliphtml5.com/ogfbg/euke/#p=18,Box Office at a Glance: Top 40 releases in 2019.,
2019,top_40_releases_2019,3,Hobbs & Shaw,Hollywood,SILVERBIRD,02-Aug-19,"N279,550,296",279550296,18,https://online.fliphtml5.com/ogfbg/euke/#p=18,Box Office at a Glance: Top 40 releases in 2019.,
2019,top_40_releases_2019,4,Captain Marvel,Hollywood,BLUE PICTURES,15-Mar-19,"N238,621,618",238621618,18,https://online.fliphtml5.com/ogfbg/euke/#p=18,Box Office at a Glance: Top 40 releases in 2019.,
2019,top_40_releases_2019,5,Aladdin,Hollywood,BLUE PICTURES,24-May-19,"N194,147,107",194147107,18,https://online.fliphtml5.com/ogfbg/euke/#p=18,Box Office at a Glance: Top 40 releases in 2019.,
2019,top_40_releases_2019,6,Angel Has Fallen,Hollywood,FILMONE,23-Aug-19,"N184,349,639",184349639,18,https://online.fliphtml5.com/ogfbg/euke/#p=18,Box Office at a Glance: Top 40 releases in 2019.,
2019,top_40_releases_2019,7,Spider-Man Far From Home,Hollywood,SILVERBIRD,05-Jul-19,"N182,532,342",182532342,18,https://online.fliphtml5.com/ogfbg/euke/#p=18,Box Office at a Glance: Top 40 releases in 2019.,
2019,top_40_releases_2019,8,Jumanji,Hollywood,SILVERBIRD,13-Dec-19,"N178,789,904",178789904,18,https://online.fliphtml5.com/ogfbg/euke/#p=18,Box Office at a Glance: Top 40 releases in 2019.,
2019,top_40_releases_2019,9,John Wick 3,Hollywood,SILVERBIRD,17-May-19,"N173,489,022",173489022,18,https://online.fliphtml5.com/ogfbg/euke/#p=18,Box Office at a Glance: Top 40 releases in 2019.,
2019,top_40_releases_2019,10,Living In Bondage,Nollywood,FILMONE,08-Nov-19,"N158,889,369",158889369,18,https://online.fliphtml5.com/ogfbg/euke/#p=18,Box Office at a Glance: Top 40 releases in 2019.,
2019,top_40_releases_2019,11,Merrymen 2,Nollywood,FILMONE,20-Dec-19,"N140,887,471",140887471,18,https://online.fliphtml5.com/ogfbg/euke/#p=18,Box Office at a Glance: Top 40 releases in 2019.,
2019,top_40_releases_2019,12,What Men Want,Hollywood,SILVERBIRD,22-Feb-19,"N130,306,046",130306046,18,https://online.fliphtml5.com/ogfbg/euke/#p=18,Box Office at a Glance: Top 40 releases in 2019.,
2019,top_40_releases_2019,13,Bling Lagosians,Nollywood,FILMONE,28-Jun-19,"N120,510,889",120510889,18,https://online.fliphtml5.com/ogfbg/euke/#p=18,Box Office at a Glance: Top 40 releases in 2019.,
2019,top_40_releases_2019,14,Your Excellency,Nollywood,FILMONE,13-Dec-19,"N117,894,534",117894534,18,https://online.fliphtml5.com/ogfbg/euke/#p=18,Box Office at a Glance: Top 40 releases in 2019.,
2019,top_40_releases_2019,15,Shazam,Hollywood,FILMONE,05-Apr-19,"N113,309,304",113309304,18,https://online.fliphtml5.com/ogfbg/euke/#p=18,Box Office at a Glance: Top 40 releases in 2019.,
2019,top_40_releases_2019,16,Frozen 2 3D,Hollywood,BLUE PICTURES,22-Nov-19,"N113,108,640",113108640,18,https://online.fliphtml5.com/ogfbg/euke/#p=18,Box Office at a Glance: Top 40 releases in 2019.,
2019,top_40_releases_2019,17,Alita,Hollywood,FILMONE,15-Feb-19,"N112,035,068",112035068,18,https://online.fliphtml5.com/ogfbg/euke/#p=18,Box Office at a Glance: Top 40 releases in 2019.,
2019,top_40_releases_2019,18,Maleficent 2,Hollywood,BLUE PICTURES,18-Oct-19,"N100,316,984",100316984,18,https://online.fliphtml5.com/ogfbg/euke/#p=18,Box Office at a Glance: Top 40 releases in 2019.,
2019,top_40_releases_2019,19,Dark Phoenix,Hollywood,FILMONE,07-Jun-19,"N97,488,114",97488114,18,https://online.fliphtml5.com/ogfbg/euke/#p=18,Box Office at a Glance: Top 40 releases in 2019.,
2019,top_40_releases_2019,20,Sugar Rush,Nollywood,FILMONE,27-Dec-19,"N95,660,662",95660662,18,https://online.fliphtml5.com/ogfbg/euke/#p=18,Box Office at a Glance: Top 40 releases in 2019.,
2019,top_40_releases_2019,21,Terminator,Hollywood,FILMONE,01-Nov-19,"N87,725,747",87725747,18,https://online.fliphtml5.com/ogfbg/euke/#p=18,Box Office at a Glance: Top 40 releases in 2019.,
2019,top_40_releases_2019,22,Joker,Hollywood,FILMONE,04-Oct-19,"N79,905,899",79905899,18,https://online.fliphtml5.com/ogfbg/euke/#p=18,Box Office at a Glance: Top 40 releases in 2019.,
2019,top_40_releases_2019,23,Gemini Man,Hollywood,SILVERBIRD,11-Oct-19,"N78,045,537",78045537,18,https://online.fliphtml5.com/ogfbg/euke/#p=18,Box Office at a Glance: Top 40 releases in 2019.,
2019,top_40_releases_2019,24,21 Bridges,Hollywood,FILMONE,22-Nov-19,"N70,029,062",70029062,18,https://online.fliphtml5.com/ogfbg/euke/#p=18,Box Office at a Glance: Top 40 releases in 2019.,
2019,top_40_releases_2019,25,Little,Hollywood,SILVERBIRD,19-Apr-19,"N67,159,214",67159214,18,https://online.fliphtml5.com/ogfbg/euke/#p=18,Box Office at a Glance: Top 40 releases in 2019.,
2019,top_40_releases_2019,26,Men In Black 3,Hollywood,SILVERBIRD,14-Jun-19,"N66,665,155",66665155,18,https://online.fliphtml5.com/ogfbg/euke/#p=18,Box Office at a Glance: Top 40 releases in 2019.,
2019,top_40_releases_2019,27,The Hustlers,Hollywood,FILMONE,13-Sep-19,"N60,882,629",60882629,18,https://online.fliphtml5.com/ogfbg/euke/#p=18,Box Office at a Glance: Top 40 releases in 2019.,
2019,top_40_releases_2019,28,Glass,Hollywood,BLUE PICTURES,18-Jan-19,"N58,066,281",58066281,18,https://online.fliphtml5.com/ogfbg/euke/#p=18,Box Office at a Glance: Top 40 releases in 2019.,
2019,top_40_releases_2019,29,Anna,Hollywood,FILMONE,21-Jun-19,"N53,934,227",53934227,18,https://online.fliphtml5.com/ogfbg/euke/#p=18,Box Office at a Glance: Top 40 releases in 2019.,
2019,top_40_releases_2019,30,The Setup,Nollywood,FILMONE,09-Aug-19,"N53,640,108",53640108,18,https://online.fliphtml5.com/ogfbg/euke/#p=18,Box Office at a Glance: Top 40 releases in 2019.,
2019,top_40_releases_2019,31,Mokalik,Nollywood,FILMONE,31-May-19,"N46,158,639",46158639,18,https://online.fliphtml5.com/ogfbg/euke/#p=18,Box Office at a Glance: Top 40 releases in 2019.,
2019,top_40_releases_2019,32,Rambo: Last Blood,Hollywood,SILVERBIRD,20-Sep-19,"N43,478,824",43478824,18,https://online.fliphtml5.com/ogfbg/euke/#p=18,Box Office at a Glance: Top 40 releases in 2019.,
2019,top_40_releases_2019,33,Upside,Hollywood,FILMONE,18-Jan-19,"N42,058,359",42058359,18,https://online.fliphtml5.com/ogfbg/euke/#p=18,Box Office at a Glance: Top 40 releases in 2019.,
2019,top_40_releases_2019,34,Hellboy,Hollywood,FILMONE,12-Apr-19,"N39,460,480",39460480,18,https://online.fliphtml5.com/ogfbg/euke/#p=18,Box Office at a Glance: Top 40 releases in 2019.,
2019,top_40_releases_2019,35,Godzilla,Hollywood,FILMONE,31-May-19,"N34,293,814",34293814,18,https://online.fliphtml5.com/ogfbg/euke/#p=18,Box Office at a Glance: Top 40 releases in 2019.,
2019,top_40_releases_2019,36,Cold Pursuit,Hollywood,FILMONE,08-Feb-19,"N34,238,441",34238441,18,https://online.fliphtml5.com/ogfbg/euke/#p=18,Box Office at a Glance: Top 40 releases in 2019.,
2019,top_40_releases_2019,37,Escape Room,Hollywood,SILVERBIRD,08-Feb-19,"N32,685,774",32685774,18,https://online.fliphtml5.com/ogfbg/euke/#p=18,Box Office at a Glance: Top 40 releases in 2019.,
2019,top_40_releases_2019,38,Love Is War,Nollywood,FILMONE,27-Sep-19,"N31,133,920",31133920,18,https://online.fliphtml5.com/ogfbg/euke/#p=18,Box Office at a Glance: Top 40 releases in 2019.,
2019,top_40_releases_2019,39,Spies In Disguise,Hollywood,FILMONE,27-Dec-19,"N30,797,944",30797944,18,https://online.fliphtml5.com/ogfbg/euke/#p=18,Box Office at a Glance: Top 40 releases in 2019.,
2019,top_40_releases_2019,40,Elevator Baby,Nollywood,FILMONE,11-Oct-19,"N30,649,350",30649350,18,https://online.fliphtml5.com/ogfbg/euke/#p=18,Box Office at a Glance: Top 40 releases in 2019.,
2019,top_20_hollywood_2019,1,Avengers EndGame,Hollywood,,,N528M,528000000,17,https://online.fliphtml5.com/ogfbg/euke/#p=17,"Top 20 visual ranking; titles released between Jan. 1 and Dec. 31, 2019. Amounts are rounded as printed.",
2019,top_20_hollywood_2019,2,The Lion King,Hollywood,,,N316M,316000000,17,https://online.fliphtml5.com/ogfbg/euke/#p=17,"Top 20 visual ranking; titles released between Jan. 1 and Dec. 31, 2019. Amounts are rounded as printed.",
2019,top_20_hollywood_2019,3,Hobbs and Shaw,Hollywood,,,N279M,279000000,17,https://online.fliphtml5.com/ogfbg/euke/#p=17,"Top 20 visual ranking; titles released between Jan. 1 and Dec. 31, 2019. Amounts are rounded as printed.",
2019,top_20_hollywood_2019,4,Captain Marvel,Hollywood,,,N238M,238000000,17,https://online.fliphtml5.com/ogfbg/euke/#p=17,"Top 20 visual ranking; titles released between Jan. 1 and Dec. 31, 2019. Amounts are rounded as printed.",
2019,top_20_hollywood_2019,5,Aladdin,Hollywood,,,N194M,194000000,17,https://online.fliphtml5.com/ogfbg/euke/#p=17,"Top 20 visual ranking; titles released between Jan. 1 and Dec. 31, 2019. Amounts are rounded as printed.",
2019,top_20_hollywood_2019,6,Angel Has Fallen,Hollywood,,,N184M,184000000,17,https://online.fliphtml5.com/ogfbg/euke/#p=17,"Top 20 visual ranking; titles released between Jan. 1 and Dec. 31, 2019. Amounts are rounded as printed.",
2019,top_20_hollywood_2019,7,Spiderman: Far From Home,Hollywood,,,N182M,182000000,17,https://online.fliphtml5.com/ogfbg/euke/#p=17,"Top 20 visual ranking; titles released between Jan. 1 and Dec. 31, 2019. Amounts are rounded as printed.",
2019,top_20_hollywood_2019,8,Jumanji,Hollywood,,,N178M,178000000,17,https://online.fliphtml5.com/ogfbg/euke/#p=17,"Top 20 visual ranking; titles released between Jan. 1 and Dec. 31, 2019. Amounts are rounded as printed.",
2019,top_20_hollywood_2019,9,John Wick 3,Hollywood,,,N173M,173000000,17,https://online.fliphtml5.com/ogfbg/euke/#p=17,"Top 20 visual ranking; titles released between Jan. 1 and Dec. 31, 2019. Amounts are rounded as printed.",
2019,top_20_hollywood_2019,10,What Men Want,Hollywood,,,N130M,130000000,17,https://online.fliphtml5.com/ogfbg/euke/#p=17,"Top 20 visual ranking; titles released between Jan. 1 and Dec. 31, 2019. Amounts are rounded as printed.",
2019,top_20_hollywood_2019,11,Shazam,Hollywood,,,N113M,113000000,17,https://online.fliphtml5.com/ogfbg/euke/#p=17,"Top 20 visual ranking; titles released between Jan. 1 and Dec. 31, 2019. Amounts are rounded as printed.",
2019,top_20_hollywood_2019,12,Frozen 2,Hollywood,,,N113M,113000000,17,https://online.fliphtml5.com/ogfbg/euke/#p=17,"Top 20 visual ranking; titles released between Jan. 1 and Dec. 31, 2019. Amounts are rounded as printed.",
2019,top_20_hollywood_2019,13,Alita: Battle Angel,Hollywood,,,N112M,112000000,17,https://online.fliphtml5.com/ogfbg/euke/#p=17,"Top 20 visual ranking; titles released between Jan. 1 and Dec. 31, 2019. Amounts are rounded as printed.",
2019,top_20_hollywood_2019,14,Maleficent 2,Hollywood,,,N100M,100000000,17,https://online.fliphtml5.com/ogfbg/euke/#p=17,"Top 20 visual ranking; titles released between Jan. 1 and Dec. 31, 2019. Amounts are rounded as printed.",
2019,top_20_hollywood_2019,15,Dark Phoenix,Hollywood,,,N97M,97000000,17,https://online.fliphtml5.com/ogfbg/euke/#p=17,"Top 20 visual ranking; titles released between Jan. 1 and Dec. 31, 2019. Amounts are rounded as printed.",
2019,top_20_hollywood_2019,16,Terminator,Hollywood,,,N87M,87000000,17,https://online.fliphtml5.com/ogfbg/euke/#p=17,"Top 20 visual ranking; titles released between Jan. 1 and Dec. 31, 2019. Amounts are rounded as printed.",
2019,top_20_hollywood_2019,17,Joker,Hollywood,,,N79M,79000000,17,https://online.fliphtml5.com/ogfbg/euke/#p=17,"Top 20 visual ranking; titles released between Jan. 1 and Dec. 31, 2019. Amounts are rounded as printed.",
2019,top_20_hollywood_2019,18,Gemini Man,Hollywood,,,N78M,78000000,17,https://online.fliphtml5.com/ogfbg/euke/#p=17,"Top 20 visual ranking; titles released between Jan. 1 and Dec. 31, 2019. Amounts are rounded as printed.",
2019,top_20_hollywood_2019,19,21 Bridges,Hollywood,,,N70M,70000000,17,https://online.fliphtml5.com/ogfbg/euke/#p=17,"Top 20 visual ranking; titles released between Jan. 1 and Dec. 31, 2019. Amounts are rounded as printed.",
2019,top_20_hollywood_2019,20,Little,Hollywood,,,N67M,67000000,17,https://online.fliphtml5.com/ogfbg/euke/#p=17,"Top 20 visual ranking; titles released between Jan. 1 and Dec. 31, 2019. Amounts are rounded as printed.",
2019,top_20_nollywood_2019,1,Living in Bondage,Nollywood,,,N158M,158000000,17,https://online.fliphtml5.com/ogfbg/euke/#p=17,"Top 20 visual ranking; titles released between Jan. 1 and Dec. 31, 2019. Amounts are rounded as printed.",
2019,top_20_nollywood_2019,2,Merry Men 2,Nollywood,,,N140M,140000000,17,https://online.fliphtml5.com/ogfbg/euke/#p=17,"Top 20 visual ranking; titles released between Jan. 1 and Dec. 31, 2019. Amounts are rounded as printed.",
2019,top_20_nollywood_2019,3,Bling Lagosians,Nollywood,,,N120M,120000000,17,https://online.fliphtml5.com/ogfbg/euke/#p=17,"Top 20 visual ranking; titles released between Jan. 1 and Dec. 31, 2019. Amounts are rounded as printed.",
2019,top_20_nollywood_2019,4,Your Excellency,Nollywood,,,N117M,117000000,17,https://online.fliphtml5.com/ogfbg/euke/#p=17,"Top 20 visual ranking; titles released between Jan. 1 and Dec. 31, 2019. Amounts are rounded as printed.",
2019,top_20_nollywood_2019,5,Sugar Rush,Nollywood,,,N95M,95000000,17,https://online.fliphtml5.com/ogfbg/euke/#p=17,"Top 20 visual ranking; titles released between Jan. 1 and Dec. 31, 2019. Amounts are rounded as printed.",
2019,top_20_nollywood_2019,6,The Set Up,Nollywood,,,N53M,53000000,17,https://online.fliphtml5.com/ogfbg/euke/#p=17,"Top 20 visual ranking; titles released between Jan. 1 and Dec. 31, 2019. Amounts are rounded as printed.",
2019,top_20_nollywood_2019,7,Mokalik,Nollywood,,,N46M,46000000,17,https://online.fliphtml5.com/ogfbg/euke/#p=17,"Top 20 visual ranking; titles released between Jan. 1 and Dec. 31, 2019. Amounts are rounded as printed.",
2019,top_20_nollywood_2019,8,Love is War,Nollywood,,,N31M,31000000,17,https://online.fliphtml5.com/ogfbg/euke/#p=17,"Top 20 visual ranking; titles released between Jan. 1 and Dec. 31, 2019. Amounts are rounded as printed.",
2019,top_20_nollywood_2019,9,Elevator Baby,Nollywood,,,N30M,30000000,17,https://online.fliphtml5.com/ogfbg/euke/#p=17,"Top 20 visual ranking; titles released between Jan. 1 and Dec. 31, 2019. Amounts are rounded as printed.",
2019,top_20_nollywood_2019,10,Gold Statue,Nollywood,,,N30M,30000000,17,https://online.fliphtml5.com/ogfbg/euke/#p=17,"Top 20 visual ranking; titles released between Jan. 1 and Dec. 31, 2019. Amounts are rounded as printed.",
2019,top_20_nollywood_2019,11,Muna,Nollywood,,,N29M,29000000,17,https://online.fliphtml5.com/ogfbg/euke/#p=17,"Top 20 visual ranking; titles released between Jan. 1 and Dec. 31, 2019. Amounts are rounded as printed.",
2019,top_20_nollywood_2019,12,KnockOut,Nollywood,,,N27M,27000000,17,https://online.fliphtml5.com/ogfbg/euke/#p=17,"Top 20 visual ranking; titles released between Jan. 1 and Dec. 31, 2019. Amounts are rounded as printed.",
2019,top_20_nollywood_2019,13,Kasanova,Nollywood,,,N22M,22000000,17,https://online.fliphtml5.com/ogfbg/euke/#p=17,"Top 20 visual ranking; titles released between Jan. 1 and Dec. 31, 2019. Amounts are rounded as printed.",
2019,top_20_nollywood_2019,14,Survival of Jelili,Nollywood,,,N21M,21000000,17,https://online.fliphtml5.com/ogfbg/euke/#p=17,"Top 20 visual ranking; titles released between Jan. 1 and Dec. 31, 2019. Amounts are rounded as printed.",
2019,top_20_nollywood_2019,15,Hire a Woman,Nollywood,,,N20M,20000000,17,https://online.fliphtml5.com/ogfbg/euke/#p=17,"Top 20 visual ranking; titles released between Jan. 1 and Dec. 31, 2019. Amounts are rounded as printed.",
2019,top_20_nollywood_2019,16,The Millions,Nollywood,,,N18M,18000000,17,https://online.fliphtml5.com/ogfbg/euke/#p=17,"Top 20 visual ranking; titles released between Jan. 1 and Dec. 31, 2019. Amounts are rounded as printed.",
2019,top_20_nollywood_2019,17,The Call,Nollywood,,,N17M,17000000,17,https://online.fliphtml5.com/ogfbg/euke/#p=17,"Top 20 visual ranking; titles released between Jan. 1 and Dec. 31, 2019. Amounts are rounded as printed.",
2019,top_20_nollywood_2019,18,The Enemy I Know,Nollywood,,,N16M,16000000,17,https://online.fliphtml5.com/ogfbg/euke/#p=17,"Top 20 visual ranking; titles released between Jan. 1 and Dec. 31, 2019. Amounts are rounded as printed.",
2019,top_20_nollywood_2019,19,The Reunion,Nollywood,,,N15M,15000000,17,https://online.fliphtml5.com/ogfbg/euke/#p=17,"Top 20 visual ranking; titles released between Jan. 1 and Dec. 31, 2019. Amounts are rounded as printed.",
2019,top_20_nollywood_2019,20,She is,Nollywood,,,N15M,15000000,17,https://online.fliphtml5.com/ogfbg/euke/#p=17,"Top 20 visual ranking; titles released between Jan. 1 and Dec. 31, 2019. Amounts are rounded as printed.",
