year,category,rank,person,films,gross_label,gross_ngn,page,source_url,criteria,notes
2023,highest_grossing_actors_2023,1,Timini Egbuson,A Tribe Called Judah; The Kujus Again; Big Love; Honey Money; Something Like Gold; Unforgivable; The Bloom Boys; The Modern Woman; Maniac,N1.611B,1611000000,91,https://online.fliphtml5.com/ogfbg/mouh/#p=91,"Lead actor/actress, first or second supporting-lead actor in one or more films released in 2023 and played through March 31, 2024; data source: Comscore.",
2023,highest_grossing_actors_2023,2,Jide Kene,A Tribe Called Judah; Ifediche,N1.408B,1408000000,91,https://online.fliphtml5.com/ogfbg/mouh/#p=91,"Lead actor/actress, first or second supporting-lead actor in one or more films released in 2023 and played through March 31, 2024; data source: Comscore.",
2023,highest_grossing_actors_2023,3,Emeka Ike,Malaika,N303M,303000000,91,https://online.fliphtml5.com/ogfbg/mouh/#p=91,"Lead actor/actress, first or second supporting-lead actor in one or more films released in 2023 and played through March 31, 2024; data source: Comscore.",
2023,highest_grossing_actors_2023,4,Charles Okafor,Ada Omo Daddy,N219M,219000000,91,https://online.fliphtml5.com/ogfbg/mouh/#p=91,"Lead actor/actress, first or second supporting-lead actor in one or more films released in 2023 and played through March 31, 2024; data source: Comscore.",
2023,highest_grossing_actors_2023,5,Stan Nze,Afamefuna; Domitilla; The Trade; A Weekend To Forget,N170M,170000000,91,https://online.fliphtml5.com/ogfbg/mouh/#p=91,"Lead actor/actress, first or second supporting-lead actor in one or more films released in 2023 and played through March 31, 2024; data source: Comscore.",
2023,highest_grossing_actors_2023,6,Ramsey Nouah,"Merry Men 3; Love, Lust & Other Things",N151M,151000000,91,https://online.fliphtml5.com/ogfbg/mouh/#p=91,"Lead actor/actress, first or second supporting-lead actor in one or more films released in 2023 and played through March 31, 2024; data source: Comscore.",
2023,highest_grossing_actors_2023,7,Kunle Remi,Something Like Gold; The Kujus Again; Love & Lust & Other Things; Praise Party,N149M,149000000,91,https://online.fliphtml5.com/ogfbg/mouh/#p=91,"Lead actor/actress, first or second supporting-lead actor in one or more films released in 2023 and played through March 31, 2024; data source: Comscore.",
2023,highest_grossing_actors_2023,8,Ayo Makun,Merry Men 3; Almajiri,N137M,137000000,91,https://online.fliphtml5.com/ogfbg/mouh/#p=91,"Lead actor/actress, first or second supporting-lead actor in one or more films released in 2023 and played through March 31, 2024; data source: Comscore.",
2023,highest_grossing_actors_2023,9,Deyemi Okanlawon,Love In A Pandemic; Domitilla; Different Strokes; Osato; Maniac,N130M,130000000,91,https://online.fliphtml5.com/ogfbg/mouh/#p=91,"Lead actor/actress, first or second supporting-lead actor in one or more films released in 2023 and played through March 31, 2024; data source: Comscore.",
2023,highest_grossing_actors_2023,10,Odunlade Adekola,Orisa,N128M,128000000,91,https://online.fliphtml5.com/ogfbg/mouh/#p=91,"Lead actor/actress, first or second supporting-lead actor in one or more films released in 2023 and played through March 31, 2024; data source: Comscore.",
2023,highest_grossing_actresses_2023,1,Funke Akindele,A Tribe Called Judah,N1.408B,1408000000,92,https://online.fliphtml5.com/ogfbg/mouh/#p=92,"Lead actor/actress, first or second supporting-lead actor in one or more films released in 2023 and played through March 31, 2024; data source: Comscore.",
2023,highest_grossing_actresses_2023,2,Toyin Abraham,Malaika,N303M,303000000,92,https://online.fliphtml5.com/ogfbg/mouh/#p=92,"Lead actor/actress, first or second supporting-lead actor in one or more films released in 2023 and played through March 31, 2024; data source: Comscore.",
2023,highest_grossing_actresses_2023,3,Mercy Aigbe,Ada Omo Daddy; Osato,N235M,235000000,92,https://online.fliphtml5.com/ogfbg/mouh/#p=92,"Lead actor/actress, first or second supporting-lead actor in one or more films released in 2023 and played through March 31, 2024; data source: Comscore.",
2023,highest_grossing_actresses_2023,4,Omowunmi Dada,Ada Omo Daddy; Lugard,N222M,222000000,92,https://online.fliphtml5.com/ogfbg/mouh/#p=92,"Lead actor/actress, first or second supporting-lead actor in one or more films released in 2023 and played through March 31, 2024; data source: Comscore.",
2023,highest_grossing_actresses_2023,5,Shaffy Bello,Orisa; Big Love; The Bloom Boys; Different Strokes,N216M,216000000,92,https://online.fliphtml5.com/ogfbg/mouh/#p=92,"Lead actor/actress, first or second supporting-lead actor in one or more films released in 2023 and played through March 31, 2024; data source: Comscore.",
2023,highest_grossing_actresses_2023,6,Bimbo Ademoye,Kujus; Big Love; Hotel Labamba,N122M,122000000,92,https://online.fliphtml5.com/ogfbg/mouh/#p=92,"Lead actor/actress, first or second supporting-lead actor in one or more films released in 2023 and played through March 31, 2024; data source: Comscore.",
2023,highest_grossing_actresses_2023,7,Ireti Doyle,Merry Men 3; Minee,N121M,121000000,92,https://online.fliphtml5.com/ogfbg/mouh/#p=92,"Lead actor/actress, first or second supporting-lead actor in one or more films released in 2023 and played through March 31, 2024; data source: Comscore.",
2023,highest_grossing_actresses_2023,8,Nancy Isime,Love In A Pandemic; Honey Money; Unforgivable; Drink Rapacity,N94M,94000000,92,https://online.fliphtml5.com/ogfbg/mouh/#p=92,"Lead actor/actress, first or second supporting-lead actor in one or more films released in 2023 and played through March 31, 2024; data source: Comscore.",
2023,highest_grossing_actresses_2023,9,Sandra Okunzuwa,Something Like Gold,N64M,64000000,92,https://online.fliphtml5.com/ogfbg/mouh/#p=92,"Lead actor/actress, first or second supporting-lead actor in one or more films released in 2023 and played through March 31, 2024; data source: Comscore.",
2023,highest_grossing_actresses_2023,10,Sophie Alakija,The Kujus Again; Maniac,N57M,57000000,92,https://online.fliphtml5.com/ogfbg/mouh/#p=92,"Lead actor/actress, first or second supporting-lead actor in one or more films released in 2023 and played through March 31, 2024; data source: Comscore.",
2022,highest_grossing_actresses_2022,1,Toyin Abraham,King of Thieves; Ijakumo,N424M,424000000,87,https://online.fliphtml5.com/ogfbg/ioag/#p=87,"Lead actor/actress, first or second supporting-lead actor in one or more films released in 2022 and grossed over N30M each, as at Dec 31, 2022.",
2022,highest_grossing_actresses_2022,2,Mercy Johnson,Battle on Buka Street; Passport,N377M,377000000,87,https://online.fliphtml5.com/ogfbg/ioag/#p=87,"Lead actor/actress, first or second supporting-lead actor in one or more films released in 2022 and grossed over N30M each, as at Dec 31, 2022.",
2022,highest_grossing_actresses_2022,3,Toni Tones,Brotherhood,N328M,328000000,87,https://online.fliphtml5.com/ogfbg/ioag/#p=87,"Lead actor/actress, first or second supporting-lead actor in one or more films released in 2022 and grossed over N30M each, as at Dec 31, 2022.",
2022,highest_grossing_actresses_2022,4,Funke Akindele,Battle on Buka Street,N291M,291000000,87,https://online.fliphtml5.com/ogfbg/ioag/#p=87,"Lead actor/actress, first or second supporting-lead actor in one or more films released in 2022 and grossed over N30M each, as at Dec 31, 2022.",
2022,highest_grossing_actresses_2022,4,Sola Sobowale,Battle on Buka Street,N291M,291000000,87,https://online.fliphtml5.com/ogfbg/ioag/#p=87,"Lead actor/actress, first or second supporting-lead actor in one or more films released in 2022 and grossed over N30M each, as at Dec 31, 2022.",
2022,highest_grossing_actresses_2022,4,Tina Mba,Battle on Buka Street,N291M,291000000,87,https://online.fliphtml5.com/ogfbg/ioag/#p=87,"Lead actor/actress, first or second supporting-lead actor in one or more films released in 2022 and grossed over N30M each, as at Dec 31, 2022.",
2022,highest_grossing_actresses_2022,5,Lolade Okusanya,Ijakumo,N104M,104000000,87,https://online.fliphtml5.com/ogfbg/ioag/#p=87,"Lead actor/actress, first or second supporting-lead actor in one or more films released in 2022 and grossed over N30M each, as at Dec 31, 2022.",
2022,highest_grossing_actresses_2022,6,Bisola Aiyeola,Dinner At My Place; A Simple Lie,N88M,88000000,87,https://online.fliphtml5.com/ogfbg/ioag/#p=87,"Lead actor/actress, first or second supporting-lead actor in one or more films released in 2022 and grossed over N30M each, as at Dec 31, 2022.",
2022,highest_grossing_actresses_2022,7,Sophie Alakija,Dinner At My Place,N54M,54000000,87,https://online.fliphtml5.com/ogfbg/ioag/#p=87,"Lead actor/actress, first or second supporting-lead actor in one or more films released in 2022 and grossed over N30M each, as at Dec 31, 2022.",
2022,highest_grossing_actresses_2022,8,Erica Nweledim,The Blood Covenant,N43M,43000000,87,https://online.fliphtml5.com/ogfbg/ioag/#p=87,"Lead actor/actress, first or second supporting-lead actor in one or more films released in 2022 and grossed over N30M each, as at Dec 31, 2022.",
2022,highest_grossing_actresses_2022,9,Damilare Kuku,The Wild Flower,N41M,41000000,87,https://online.fliphtml5.com/ogfbg/ioag/#p=87,"Lead actor/actress, first or second supporting-lead actor in one or more films released in 2022 and grossed over N30M each, as at Dec 31, 2022.",
2022,highest_grossing_actresses_2022,10,Efe Irele,Hey You,N36M,36000000,87,https://online.fliphtml5.com/ogfbg/ioag/#p=87,"Lead actor/actress, first or second supporting-lead actor in one or more films released in 2022 and grossed over N30M each, as at Dec 31, 2022.",
2022,highest_grossing_actors_2022,1,Tobi Bakre,Brotherhood; Blood Covenant,N371M,371000000,88,https://online.fliphtml5.com/ogfbg/ioag/#p=88,"Lead actor/actress, first or second supporting-lead actor in one or more films released in 2022 and grossed over N30M each, as at Dec 31, 2022.",
2022,highest_grossing_actors_2022,2,Falz Folarin,Brotherhood,N328M,328000000,88,https://online.fliphtml5.com/ogfbg/ioag/#p=88,"Lead actor/actress, first or second supporting-lead actor in one or more films released in 2022 and grossed over N30M each, as at Dec 31, 2022.",
2022,highest_grossing_actors_2022,2,OC Ukeje,Brotherhood,N328M,328000000,88,https://online.fliphtml5.com/ogfbg/ioag/#p=88,"Lead actor/actress, first or second supporting-lead actor in one or more films released in 2022 and grossed over N30M each, as at Dec 31, 2022.",
2022,highest_grossing_actors_2022,3,Femi Adebayo,King of Thieves,N320M,320000000,88,https://online.fliphtml5.com/ogfbg/ioag/#p=88,"Lead actor/actress, first or second supporting-lead actor in one or more films released in 2022 and grossed over N30M each, as at Dec 31, 2022.",
2022,highest_grossing_actors_2022,3,Ibrahim Chatta,King of Thieves,N320M,320000000,88,https://online.fliphtml5.com/ogfbg/ioag/#p=88,"Lead actor/actress, first or second supporting-lead actor in one or more films released in 2022 and grossed over N30M each, as at Dec 31, 2022.",
2022,highest_grossing_actors_2022,3,Odunlade Adekola,King of Thieves,N320M,320000000,88,https://online.fliphtml5.com/ogfbg/ioag/#p=88,"Lead actor/actress, first or second supporting-lead actor in one or more films released in 2022 and grossed over N30M each, as at Dec 31, 2022.",
2022,highest_grossing_actors_2022,4,Nkem Owoh,Battle on Buka Street,N291M,291000000,88,https://online.fliphtml5.com/ogfbg/ioag/#p=88,"Lead actor/actress, first or second supporting-lead actor in one or more films released in 2022 and grossed over N30M each, as at Dec 31, 2022.",
2022,highest_grossing_actors_2022,5,Kunle Remi,Ijakumo,N104M,104000000,88,https://online.fliphtml5.com/ogfbg/ioag/#p=88,"Lead actor/actress, first or second supporting-lead actor in one or more films released in 2022 and grossed over N30M each, as at Dec 31, 2022.",
2022,highest_grossing_actors_2022,6,Timini Egbuson,Dinner at My Place; Hey You,N90M,90000000,88,https://online.fliphtml5.com/ogfbg/ioag/#p=88,"Lead actor/actress, first or second supporting-lead actor in one or more films released in 2022 and grossed over N30M each, as at Dec 31, 2022.",
2022,highest_grossing_actors_2022,7,Jim Iyke,Passport,N86M,86000000,88,https://online.fliphtml5.com/ogfbg/ioag/#p=88,"Lead actor/actress, first or second supporting-lead actor in one or more films released in 2022 and grossed over N30M each, as at Dec 31, 2022.",
2022,highest_grossing_actors_2022,7,Zubby Michael,Passport,N86M,86000000,88,https://online.fliphtml5.com/ogfbg/ioag/#p=88,"Lead actor/actress, first or second supporting-lead actor in one or more films released in 2022 and grossed over N30M each, as at Dec 31, 2022.",
2022,highest_grossing_actors_2022,8,Shawn Faqua,The Blood Covenant,N43M,43000000,88,https://online.fliphtml5.com/ogfbg/ioag/#p=88,"Lead actor/actress, first or second supporting-lead actor in one or more films released in 2022 and grossed over N30M each, as at Dec 31, 2022.",
2022,highest_grossing_actors_2022,8,Uzor Arukwe,The Blood Covenant,N43M,43000000,88,https://online.fliphtml5.com/ogfbg/ioag/#p=88,"Lead actor/actress, first or second supporting-lead actor in one or more films released in 2022 and grossed over N30M each, as at Dec 31, 2022.",
2022,highest_grossing_actors_2022,9,Deyemi Okanlawon,The Wild Flower,N41M,41000000,88,https://online.fliphtml5.com/ogfbg/ioag/#p=88,"Lead actor/actress, first or second supporting-lead actor in one or more films released in 2022 and grossed over N30M each, as at Dec 31, 2022.",
2022,highest_grossing_actors_2022,10,Efa Iwara,Ile Owo,N34M,34000000,88,https://online.fliphtml5.com/ogfbg/ioag/#p=88,"Lead actor/actress, first or second supporting-lead actor in one or more films released in 2022 and grossed over N30M each, as at Dec 31, 2022.",
2021,highest_grossing_actors_2021,1,Deyemi Okanlawon,Lockdown; The Ghost & The Tout Too; Prophetess,,,78,https://online.fliphtml5.com/ogfbg/ffuo/#p=78,"Lead actor/actress, first or second supporting-lead actor in one or more films, released in 2021, and grossed over N40M each as of Dec 31, 2021.","Source row shows the films and a trailing hyphen, but no printed gross total."
2021,highest_grossing_actors_2021,2,Lateef Adedimeji,Ayinla; Soole; Prophetess,N265M,265000000,78,https://online.fliphtml5.com/ogfbg/ffuo/#p=78,"Lead actor/actress, first or second supporting-lead actor in one or more films, released in 2021, and grossed over N40M each as of Dec 31, 2021.",
2021,highest_grossing_actors_2021,3,Osita Iheme,Aki & Pawpaw; Christmas in Miami,N227M,227000000,78,https://online.fliphtml5.com/ogfbg/ffuo/#p=78,"Lead actor/actress, first or second supporting-lead actor in one or more films, released in 2021, and grossed over N40M each as of Dec 31, 2021.",
2021,highest_grossing_actors_2021,4,Ayo Makun,Christmas in Miami,N135M,135000000,78,https://online.fliphtml5.com/ogfbg/ffuo/#p=78,"Lead actor/actress, first or second supporting-lead actor in one or more films, released in 2021, and grossed over N40M each as of Dec 31, 2021.",Source amount marked *.
2021,highest_grossing_actors_2021,4,Richard Mofe-Damijo,Christmas in Miami,N135M,135000000,78,https://online.fliphtml5.com/ogfbg/ffuo/#p=78,"Lead actor/actress, first or second supporting-lead actor in one or more films, released in 2021, and grossed over N40M each as of Dec 31, 2021.",Source amount marked *.
2021,highest_grossing_actors_2021,5,Kunle Remi,Prophetess,N134M,134000000,78,https://online.fliphtml5.com/ogfbg/ffuo/#p=78,"Lead actor/actress, first or second supporting-lead actor in one or more films, released in 2021, and grossed over N40M each as of Dec 31, 2021.",
2021,highest_grossing_actors_2021,5,Stan Nze,Prophetess,N134M,134000000,78,https://online.fliphtml5.com/ogfbg/ffuo/#p=78,"Lead actor/actress, first or second supporting-lead actor in one or more films, released in 2021, and grossed over N40M each as of Dec 31, 2021.",
2021,highest_grossing_actors_2021,6,Ben Touitou,Lockdown; Bad Comments,N106M,106000000,78,https://online.fliphtml5.com/ogfbg/ffuo/#p=78,"Lead actor/actress, first or second supporting-lead actor in one or more films, released in 2021, and grossed over N40M each as of Dec 31, 2021.",
2021,highest_grossing_actors_2021,7,Bovi Ugboma,My Village People,N100M,100000000,78,https://online.fliphtml5.com/ogfbg/ffuo/#p=78,"Lead actor/actress, first or second supporting-lead actor in one or more films, released in 2021, and grossed over N40M each as of Dec 31, 2021.",
2021,highest_grossing_actors_2021,8,Chinedu Ikedieze,Aki & Pawpaw,N92M,92000000,78,https://online.fliphtml5.com/ogfbg/ffuo/#p=78,"Lead actor/actress, first or second supporting-lead actor in one or more films, released in 2021, and grossed over N40M each as of Dec 31, 2021.",Source amount marked *.
2021,highest_grossing_actors_2021,8,Uti Nwachukwu,Aki & Pawpaw,N92M,92000000,78,https://online.fliphtml5.com/ogfbg/ffuo/#p=78,"Lead actor/actress, first or second supporting-lead actor in one or more films, released in 2021, and grossed over N40M each as of Dec 31, 2021.",Source amount marked *.
2021,highest_grossing_actors_2021,9,Debo Adebayo,Ayinla,N91M,91000000,78,https://online.fliphtml5.com/ogfbg/ffuo/#p=78,"Lead actor/actress, first or second supporting-lead actor in one or more films, released in 2021, and grossed over N40M each as of Dec 31, 2021.",
2021,highest_grossing_actors_2021,10,Timini Egbuson,Breaded Life,N88M,88000000,79,https://online.fliphtml5.com/ogfbg/ffuo/#p=79,"Lead actor/actress, first or second supporting-lead actor in one or more films, released in 2021, and grossed over N40M each as of Dec 31, 2021.",
2021,highest_grossing_actors_2021,11,Jide Kene-Achufusi,Dwindle; Lockdown,N83M,83000000,79,https://online.fliphtml5.com/ogfbg/ffuo/#p=79,"Lead actor/actress, first or second supporting-lead actor in one or more films, released in 2021, and grossed over N40M each as of Dec 31, 2021.",
2021,highest_grossing_actors_2021,12,Jim Iyke,Bad Comments,N66M,66000000,79,https://online.fliphtml5.com/ogfbg/ffuo/#p=79,"Lead actor/actress, first or second supporting-lead actor in one or more films, released in 2021, and grossed over N40M each as of Dec 31, 2021.",
2021,highest_grossing_actors_2021,13,Femi Jacobs,Soole,N49M,49000000,79,https://online.fliphtml5.com/ogfbg/ffuo/#p=79,"Lead actor/actress, first or second supporting-lead actor in one or more films, released in 2021, and grossed over N40M each as of Dec 31, 2021.",
2021,highest_grossing_actors_2021,13,Shawn Faqua,Soole,N49M,49000000,79,https://online.fliphtml5.com/ogfbg/ffuo/#p=79,"Lead actor/actress, first or second supporting-lead actor in one or more films, released in 2021, and grossed over N40M each as of Dec 31, 2021.",
2021,highest_grossing_actors_2021,13,Soibifaa Dokubo,Soole,N49M,49000000,79,https://online.fliphtml5.com/ogfbg/ffuo/#p=79,"Lead actor/actress, first or second supporting-lead actor in one or more films, released in 2021, and grossed over N40M each as of Dec 31, 2021.",
2021,highest_grossing_actors_2021,13,Eso Dike Okolocha,Soole,N49M,49000000,79,https://online.fliphtml5.com/ogfbg/ffuo/#p=79,"Lead actor/actress, first or second supporting-lead actor in one or more films, released in 2021, and grossed over N40M each as of Dec 31, 2021.",
2021,highest_grossing_actors_2021,13,Ikponmwosa Gold,Soole,N49M,49000000,79,https://online.fliphtml5.com/ogfbg/ffuo/#p=79,"Lead actor/actress, first or second supporting-lead actor in one or more films, released in 2021, and grossed over N40M each as of Dec 31, 2021.",
2021,highest_grossing_actors_2021,13,Mike Afolarin,Soole,N49M,49000000,79,https://online.fliphtml5.com/ogfbg/ffuo/#p=79,"Lead actor/actress, first or second supporting-lead actor in one or more films, released in 2021, and grossed over N40M each as of Dec 31, 2021.",
2021,highest_grossing_actors_2021,14,Samuel Animashaun Perry,Dwindle,N43M,43000000,79,https://online.fliphtml5.com/ogfbg/ffuo/#p=79,"Lead actor/actress, first or second supporting-lead actor in one or more films, released in 2021, and grossed over N40M each as of Dec 31, 2021.",
2021,highest_grossing_actors_2021,15,William Uchemba,Mamba's Diamond,N42M,42000000,79,https://online.fliphtml5.com/ogfbg/ffuo/#p=79,"Lead actor/actress, first or second supporting-lead actor in one or more films, released in 2021, and grossed over N40M each as of Dec 31, 2021.",
2021,highest_grossing_actors_2021,15,Jimmy Odukoya,Mamba's Diamond,N42M,42000000,79,https://online.fliphtml5.com/ogfbg/ffuo/#p=79,"Lead actor/actress, first or second supporting-lead actor in one or more films, released in 2021, and grossed over N40M each as of Dec 31, 2021.",
2021,highest_grossing_actors_2021,15,Gabriel Afolayan,Mamba's Diamond,N42M,42000000,79,https://online.fliphtml5.com/ogfbg/ffuo/#p=79,"Lead actor/actress, first or second supporting-lead actor in one or more films, released in 2021, and grossed over N40M each as of Dec 31, 2021.",
2021,highest_grossing_actors_2021,16,Tony Umez,Lockdown,N40M,40000000,79,https://online.fliphtml5.com/ogfbg/ffuo/#p=79,"Lead actor/actress, first or second supporting-lead actor in one or more films, released in 2021, and grossed over N40M each as of Dec 31, 2021.",
2021,highest_grossing_actresses_2021,1,Toyin Abraham-Ajeyemi,The Ghost & The Tout Too; Prophetess; Aki & Pawpaw,N357M,357000000,80,https://online.fliphtml5.com/ogfbg/ffuo/#p=80,"Lead actor/actress, first or second supporting-lead actor in one or more films, released in 2021, and grossed over N40M each as of Dec 31, 2021.",
2021,highest_grossing_actresses_2021,2,Osas Ighodaro,Bad Comments; Ghost and The Tout Too,N200M,200000000,80,https://online.fliphtml5.com/ogfbg/ffuo/#p=80,"Lead actor/actress, first or second supporting-lead actor in one or more films, released in 2021, and grossed over N40M each as of Dec 31, 2021.",
2021,highest_grossing_actresses_2021,3,Mercy Johnson-Okojie,The Ghost and The Tout Too,N134M,134000000,80,https://online.fliphtml5.com/ogfbg/ffuo/#p=80,"Lead actor/actress, first or second supporting-lead actor in one or more films, released in 2021, and grossed over N40M each as of Dec 31, 2021.",
2021,highest_grossing_actresses_2021,4,Kehinde Bankole,Prophetess,N131M,131000000,80,https://online.fliphtml5.com/ogfbg/ffuo/#p=80,"Lead actor/actress, first or second supporting-lead actor in one or more films, released in 2021, and grossed over N40M each as of Dec 31, 2021.",
2021,highest_grossing_actresses_2021,5,Sophie Alakija,My Village People,N100M,100000000,80,https://online.fliphtml5.com/ogfbg/ffuo/#p=80,"Lead actor/actress, first or second supporting-lead actor in one or more films, released in 2021, and grossed over N40M each as of Dec 31, 2021.",
2021,highest_grossing_actresses_2021,5,Theresa Edem,My Village People,N100M,100000000,80,https://online.fliphtml5.com/ogfbg/ffuo/#p=80,"Lead actor/actress, first or second supporting-lead actor in one or more films, released in 2021, and grossed over N40M each as of Dec 31, 2021.",
2021,highest_grossing_actresses_2021,6,Chioma Okafor,Aki & Pawpaw,N92M,92000000,80,https://online.fliphtml5.com/ogfbg/ffuo/#p=80,"Lead actor/actress, first or second supporting-lead actor in one or more films, released in 2021, and grossed over N40M each as of Dec 31, 2021.",
2021,highest_grossing_actresses_2021,7,Omowunmi Dada,Ayinla,N91M,91000000,80,https://online.fliphtml5.com/ogfbg/ffuo/#p=80,"Lead actor/actress, first or second supporting-lead actor in one or more films, released in 2021, and grossed over N40M each as of Dec 31, 2021.",
2021,highest_grossing_actresses_2021,7,Ade Laoye,Ayinla,N91M,91000000,81,https://online.fliphtml5.com/ogfbg/ffuo/#p=81,"Lead actor/actress, first or second supporting-lead actor in one or more films, released in 2021, and grossed over N40M each as of Dec 31, 2021.",
2021,highest_grossing_actresses_2021,8,Bimbo Ademoye,Breaded Life,N88M,88000000,81,https://online.fliphtml5.com/ogfbg/ffuo/#p=81,"Lead actor/actress, first or second supporting-lead actor in one or more films, released in 2021, and grossed over N40M each as of Dec 31, 2021.",
2021,highest_grossing_actresses_2021,9,Sharon Ooja,Bad Comments,N66M,66000000,81,https://online.fliphtml5.com/ogfbg/ffuo/#p=81,"Lead actor/actress, first or second supporting-lead actor in one or more films, released in 2021, and grossed over N40M each as of Dec 31, 2021.",
2021,highest_grossing_actresses_2021,10,Sola Sobowale,Soole,N49M,49000000,81,https://online.fliphtml5.com/ogfbg/ffuo/#p=81,"Lead actor/actress, first or second supporting-lead actor in one or more films, released in 2021, and grossed over N40M each as of Dec 31, 2021.",
2021,highest_grossing_actresses_2021,10,Meg Otanwa,Soole,N49M,49000000,81,https://online.fliphtml5.com/ogfbg/ffuo/#p=81,"Lead actor/actress, first or second supporting-lead actor in one or more films, released in 2021, and grossed over N40M each as of Dec 31, 2021.",
2021,highest_grossing_actresses_2021,10,Adunni Ade,Soole,N49M,49000000,81,https://online.fliphtml5.com/ogfbg/ffuo/#p=81,"Lead actor/actress, first or second supporting-lead actor in one or more films, released in 2021, and grossed over N40M each as of Dec 31, 2021.",
2021,highest_grossing_actresses_2021,10,Teniola Aladese,Soole,N49M,49000000,81,https://online.fliphtml5.com/ogfbg/ffuo/#p=81,"Lead actor/actress, first or second supporting-lead actor in one or more films, released in 2021, and grossed over N40M each as of Dec 31, 2021.",
2021,highest_grossing_actresses_2021,11,Efe Irele,Devil in Agbada,N42.5M,42500000,81,https://online.fliphtml5.com/ogfbg/ffuo/#p=81,"Lead actor/actress, first or second supporting-lead actor in one or more films, released in 2021, and grossed over N40M each as of Dec 31, 2021.",
2021,highest_grossing_actresses_2021,11,Erica Nlewedim,Devil in Agbada,N42.5M,42500000,81,https://online.fliphtml5.com/ogfbg/ffuo/#p=81,"Lead actor/actress, first or second supporting-lead actor in one or more films, released in 2021, and grossed over N40M each as of Dec 31, 2021.",
2021,highest_grossing_actresses_2021,12,Nse Ikpe-Etim,Mamba's Diamond,N42M,42000000,81,https://online.fliphtml5.com/ogfbg/ffuo/#p=81,"Lead actor/actress, first or second supporting-lead actor in one or more films, released in 2021, and grossed over N40M each as of Dec 31, 2021.",
2021,highest_grossing_actresses_2021,13,Omotola Jalade-Ekeinde,Lockdown,N40M,40000000,81,https://online.fliphtml5.com/ogfbg/ffuo/#p=81,"Lead actor/actress, first or second supporting-lead actor in one or more films, released in 2021, and grossed over N40M each as of Dec 31, 2021.",
2021,highest_grossing_actresses_2021,13,Ini-Dimma Okojie,Lockdown,N40M,40000000,81,https://online.fliphtml5.com/ogfbg/ffuo/#p=81,"Lead actor/actress, first or second supporting-lead actor in one or more films, released in 2021, and grossed over N40M each as of Dec 31, 2021.",
2020,highest_grossing_actors_2020,,Deyemi Okanlawon,Omo Ghetto: The Saga,N187M+,187000000,44,https://online.fliphtml5.com/ogfbg/fdfz/#p=44,"Lead actor/actress or first-supporting actor in a film released in 2020 and grossed over N50M as of Dec 31, 2020.",Source list appears unranked.
2020,highest_grossing_actors_2020,,Samuel Animashaun Perry (aka Broda Shaggi),Fate of Alakada: The Wedding Planner,N113M+,113000000,44,https://online.fliphtml5.com/ogfbg/fdfz/#p=44,"Lead actor/actress or first-supporting actor in a film released in 2020 and grossed over N50M as of Dec 31, 2020.",Source list appears unranked.
2020,highest_grossing_actors_2020,,Folarin Falana (aka Falz),Quam's Money,N59M+,59000000,44,https://online.fliphtml5.com/ogfbg/fdfz/#p=44,"Lead actor/actress or first-supporting actor in a film released in 2020 and grossed over N50M as of Dec 31, 2020.",Source list appears unranked.
2020,highest_grossing_actors_2020,,Stan Nze,Rattle Snake: The Ahanna Story,N69M+,69000000,44,https://online.fliphtml5.com/ogfbg/fdfz/#p=44,"Lead actor/actress or first-supporting actor in a film released in 2020 and grossed over N50M as of Dec 31, 2020.",Source list appears unranked.
2020,highest_grossing_actors_2020,,Bucci Franklin,Rattle Snake: The Ahanna Story,N69M+,69000000,44,https://online.fliphtml5.com/ogfbg/fdfz/#p=44,"Lead actor/actress or first-supporting actor in a film released in 2020 and grossed over N50M as of Dec 31, 2020.",Source list appears unranked.
2020,highest_grossing_actresses_2020,,Funke Akindele Bello,Omo Ghetto: The Saga,N187M+,187000000,45,https://online.fliphtml5.com/ogfbg/fdfz/#p=45,"Lead actor/actress or first-supporting actor in a film released in 2020 and grossed over N50M as of Dec 31, 2020.",Source list appears unranked.
2020,highest_grossing_actresses_2020,,Toyin Abraham,Fate of Alakada,N113M+,113000000,45,https://online.fliphtml5.com/ogfbg/fdfz/#p=45,"Lead actor/actress or first-supporting actor in a film released in 2020 and grossed over N50M as of Dec 31, 2020.",Source list appears unranked.
2020,highest_grossing_actresses_2020,,Osas Ighodalo,Rattle Snake: The Ahanna Story,N69M+,69000000,45,https://online.fliphtml5.com/ogfbg/fdfz/#p=45,"Lead actor/actress or first-supporting actor in a film released in 2020 and grossed over N50M as of Dec 31, 2020.",Source list appears unranked.
2020,highest_grossing_actresses_2020,,Chioma Chukwuka,Omo Ghetto: The Saga,N187M+,187000000,45,https://online.fliphtml5.com/ogfbg/fdfz/#p=45,"Lead actor/actress or first-supporting actor in a film released in 2020 and grossed over N50M as of Dec 31, 2020.",Source list appears unranked.
2020,highest_grossing_actresses_2020,,Nse Ikpe Etim,Quam's Money,N59M+,59000000,45,https://online.fliphtml5.com/ogfbg/fdfz/#p=45,"Lead actor/actress or first-supporting actor in a film released in 2020 and grossed over N50M as of Dec 31, 2020.",Source list appears unranked.
2019,highest_grossing_actors_actresses_2019,,Ramsey Noah,Levi; The Millions; Living in Bondage; Merry Men 2,,,28,https://online.fliphtml5.com/ogfbg/euke/#p=28,Highest grossing actors/actresses milestone page: films that grossed N20M upwards. The source does not print a person-level gross total.,Threshold-only source row; no person-level gross printed.
2019,highest_grossing_actors_actresses_2019,,Osas Ighodaro,Bling Lagosians; Your Excellency,,,28,https://online.fliphtml5.com/ogfbg/euke/#p=28,Highest grossing actors/actresses milestone page: films that grossed N20M upwards. The source does not print a person-level gross total.,Threshold-only source row; no person-level gross printed.
2019,highest_grossing_actors_actresses_2019,,Nancy Isime,Hire a Woman; Millions; Living in Bondage; Merry Men 2,,,28,https://online.fliphtml5.com/ogfbg/euke/#p=28,Highest grossing actors/actresses milestone page: films that grossed N20M upwards. The source does not print a person-level gross total.,Threshold-only source row; no person-level gross printed.
2019,highest_grossing_actors_actresses_2019,,Williams Uchemba,Sugar Rush; Merry Men 2,,,28,https://online.fliphtml5.com/ogfbg/euke/#p=28,Highest grossing actors/actresses milestone page: films that grossed N20M upwards. The source does not print a person-level gross total.,Threshold-only source row; no person-level gross printed.
2019,highest_grossing_actors_actresses_2019,,Adesua Etomi,Set Up; Muna; Sugar Rush,,,28,https://online.fliphtml5.com/ogfbg/euke/#p=28,Highest grossing actors/actresses milestone page: films that grossed N20M upwards. The source does not print a person-level gross total.,Threshold-only source row; no person-level gross printed.
2019,highest_grossing_actors_actresses_2019,,Toyin Abraham,Bling Lagosians; Elevator Baby; The Millions,,,28,https://online.fliphtml5.com/ogfbg/euke/#p=28,Highest grossing actors/actresses milestone page: films that grossed N20M upwards. The source does not print a person-level gross total.,Threshold-only source row; no person-level gross printed.
2019,highest_grossing_actors_actresses_2019,,AY Makun,The Millions; Merry Men 2,,,28,https://online.fliphtml5.com/ogfbg/euke/#p=28,Highest grossing actors/actresses milestone page: films that grossed N20M upwards. The source does not print a person-level gross total.,Threshold-only source row; no person-level gross printed.
2019,highest_grossing_actors_actresses_2019,,Sharon Ooja,Coming From Insanity; Bling Lagosians,,,28,https://online.fliphtml5.com/ogfbg/euke/#p=28,Highest grossing actors/actresses milestone page: films that grossed N20M upwards. The source does not print a person-level gross total.,Threshold-only source row; no person-level gross printed.
2019,highest_grossing_actors_actresses_2019,,Omoni Oboli,Love is War; Sugar Rush,,,28,https://online.fliphtml5.com/ogfbg/euke/#p=28,Highest grossing actors/actresses milestone page: films that grossed N20M upwards. The source does not print a person-level gross total.,Threshold-only source row; no person-level gross printed.
2019,highest_grossing_actors_actresses_2019,,Jim Iyke,Set Up; Merry Men 2,,,28,https://online.fliphtml5.com/ogfbg/euke/#p=28,Highest grossing actors/actresses milestone page: films that grossed N20M upwards. The source does not print a person-level gross total.,Threshold-only source row; no person-level gross printed.
