film_id,genre_id
c1e62b91-5619-41ef-a7bf-34f58ea546b6,9d4815ad-4a1a-48c1-863b-fa5d1654b493
8cb1d299-cb67-497c-b77a-44714552854d,9d4815ad-4a1a-48c1-863b-fa5d1654b493
8cb1d299-cb67-497c-b77a-44714552854d,eda68160-1ee0-451f-a1f5-1f5e60ff1bd5
754aa4b2-87b1-44f6-b39e-27da3f985f24,43c80833-d18a-49b6-9472-13c404e6bc30
754aa4b2-87b1-44f6-b39e-27da3f985f24,cc6bd1fb-b429-4338-a933-a05ceeaed5f1
754aa4b2-87b1-44f6-b39e-27da3f985f24,9175f0e7-742b-46f3-9460-c12835770c30
c1c582b3-6d2d-4dda-bf07-e0500dc331c1,a9a91aa0-60e3-42d6-b68c-d7dbddb11579
c1c582b3-6d2d-4dda-bf07-e0500dc331c1,1a777958-b68c-4150-9909-d1b57a20e8d7
c1c582b3-6d2d-4dda-bf07-e0500dc331c1,9d4815ad-4a1a-48c1-863b-fa5d1654b493
052bf53f-3418-4e8d-9d76-52b0d32ea414,9d4815ad-4a1a-48c1-863b-fa5d1654b493
0d4466fe-f9ff-4fbb-b25d-b8006d18eb1d,9d4815ad-4a1a-48c1-863b-fa5d1654b493
0d4466fe-f9ff-4fbb-b25d-b8006d18eb1d,e69bf6be-e8ca-4c93-9983-10d9fb926748
3d364eb6-cb35-48fd-9c5f-3b0547e177e1,43c80833-d18a-49b6-9472-13c404e6bc30
3d364eb6-cb35-48fd-9c5f-3b0547e177e1,9175f0e7-742b-46f3-9460-c12835770c30
3d364eb6-cb35-48fd-9c5f-3b0547e177e1,9d4815ad-4a1a-48c1-863b-fa5d1654b493
3d364eb6-cb35-48fd-9c5f-3b0547e177e1,eda68160-1ee0-451f-a1f5-1f5e60ff1bd5
feb4ce29-3f8d-4d77-b5ae-cbfd31abd4d7,c173d98a-c792-48eb-9499-66f82a76f516
feb4ce29-3f8d-4d77-b5ae-cbfd31abd4d7,9d4815ad-4a1a-48c1-863b-fa5d1654b493
f4752436-06e9-4823-8821-a78aa2d71763,43c80833-d18a-49b6-9472-13c404e6bc30
f4752436-06e9-4823-8821-a78aa2d71763,9175f0e7-742b-46f3-9460-c12835770c30
30610984-8b0c-42aa-94b6-a3382b9577da,43c80833-d18a-49b6-9472-13c404e6bc30
30610984-8b0c-42aa-94b6-a3382b9577da,c173d98a-c792-48eb-9499-66f82a76f516
d058541a-94f9-403e-97c0-615e26eac97e,9175f0e7-742b-46f3-9460-c12835770c30
d058541a-94f9-403e-97c0-615e26eac97e,9d4815ad-4a1a-48c1-863b-fa5d1654b493
e5c3a914-e1c3-4d14-87ac-77e8436a88f7,c880327b-1ec9-4304-bf94-30b9fcc917fd
e5c3a914-e1c3-4d14-87ac-77e8436a88f7,9d4815ad-4a1a-48c1-863b-fa5d1654b493
0fa352e6-4811-4f28-a3d6-ef2e01f4b10b,eda68160-1ee0-451f-a1f5-1f5e60ff1bd5
0fa352e6-4811-4f28-a3d6-ef2e01f4b10b,a42eb3a9-5c65-48fa-b293-d3af271f782a
0fa352e6-4811-4f28-a3d6-ef2e01f4b10b,9175f0e7-742b-46f3-9460-c12835770c30
6626ff00-7117-4efe-b049-1c8847d170a2,43c80833-d18a-49b6-9472-13c404e6bc30
6626ff00-7117-4efe-b049-1c8847d170a2,1a777958-b68c-4150-9909-d1b57a20e8d7
e181e710-f5c3-441f-a84c-a8848944e20b,43c80833-d18a-49b6-9472-13c404e6bc30
e181e710-f5c3-441f-a84c-a8848944e20b,9d4815ad-4a1a-48c1-863b-fa5d1654b493
8676dfa8-565c-4e31-b0fb-5a389d581a8a,c173d98a-c792-48eb-9499-66f82a76f516
8676dfa8-565c-4e31-b0fb-5a389d581a8a,eda68160-1ee0-451f-a1f5-1f5e60ff1bd5
2efc6c8c-ac35-4663-be56-59ab96f6f653,e69bf6be-e8ca-4c93-9983-10d9fb926748
a55ad4fb-b08c-4792-b3b9-ba54fde0bd33,9d4815ad-4a1a-48c1-863b-fa5d1654b493
a55ad4fb-b08c-4792-b3b9-ba54fde0bd33,c880327b-1ec9-4304-bf94-30b9fcc917fd
b60ef50c-218d-4cc3-9ae1-7bd635d423f9,9d4815ad-4a1a-48c1-863b-fa5d1654b493
930c41c9-1b98-461f-90b9-4bdffa721dd5,9d4815ad-4a1a-48c1-863b-fa5d1654b493
930c41c9-1b98-461f-90b9-4bdffa721dd5,c173d98a-c792-48eb-9499-66f82a76f516
cfa5f7de-77eb-4425-a63d-772afec9c009,9d4815ad-4a1a-48c1-863b-fa5d1654b493
cfa5f7de-77eb-4425-a63d-772afec9c009,c880327b-1ec9-4304-bf94-30b9fcc917fd
ecc693c1-038f-461f-8f26-4adf8c88e38e,9d4815ad-4a1a-48c1-863b-fa5d1654b493
efd3996d-8afe-4277-8441-619dc7105783,9d4815ad-4a1a-48c1-863b-fa5d1654b493
efd3996d-8afe-4277-8441-619dc7105783,e69bf6be-e8ca-4c93-9983-10d9fb926748
efd3996d-8afe-4277-8441-619dc7105783,9175f0e7-742b-46f3-9460-c12835770c30
a9cbbfbd-48a5-420c-95a1-dff38d9fa753,9d4815ad-4a1a-48c1-863b-fa5d1654b493
a9cbbfbd-48a5-420c-95a1-dff38d9fa753,c173d98a-c792-48eb-9499-66f82a76f516
1fce1ad1-6d76-4b8a-aaf1-8d99d74ba5ad,9d4815ad-4a1a-48c1-863b-fa5d1654b493
1fce1ad1-6d76-4b8a-aaf1-8d99d74ba5ad,a42eb3a9-5c65-48fa-b293-d3af271f782a
1fce1ad1-6d76-4b8a-aaf1-8d99d74ba5ad,cc6bd1fb-b429-4338-a933-a05ceeaed5f1
c78b9654-4396-4ba8-9585-fb5c3b138d4a,9d4815ad-4a1a-48c1-863b-fa5d1654b493
21b034af-a022-4698-a76f-7cea9dbf26ad,9175f0e7-742b-46f3-9460-c12835770c30
21b034af-a022-4698-a76f-7cea9dbf26ad,43c80833-d18a-49b6-9472-13c404e6bc30
21b034af-a022-4698-a76f-7cea9dbf26ad,d5bf1c7d-ad01-436b-954e-7e6a948a60b4
e5c13305-9f11-48e2-97b5-cc5f3fe9e251,c173d98a-c792-48eb-9499-66f82a76f516
e5c13305-9f11-48e2-97b5-cc5f3fe9e251,c880327b-1ec9-4304-bf94-30b9fcc917fd
8a20df40-53ea-4df0-beef-f9f082059dc0,c173d98a-c792-48eb-9499-66f82a76f516
8a20df40-53ea-4df0-beef-f9f082059dc0,c880327b-1ec9-4304-bf94-30b9fcc917fd
0cd93151-d561-4f19-9d44-a03c8bef9807,9d4815ad-4a1a-48c1-863b-fa5d1654b493
f82d5fcc-49b9-4255-b5d8-25cd11f791f3,9175f0e7-742b-46f3-9460-c12835770c30
f82d5fcc-49b9-4255-b5d8-25cd11f791f3,eda68160-1ee0-451f-a1f5-1f5e60ff1bd5
f82d5fcc-49b9-4255-b5d8-25cd11f791f3,cc6bd1fb-b429-4338-a933-a05ceeaed5f1
a8f4ab5c-a262-4674-8566-3d8846593a99,c173d98a-c792-48eb-9499-66f82a76f516
a8f4ab5c-a262-4674-8566-3d8846593a99,c880327b-1ec9-4304-bf94-30b9fcc917fd
8d3ed3ad-75cb-4ab9-aca7-69fe80122d34,c173d98a-c792-48eb-9499-66f82a76f516
793057b7-becf-4856-8877-78456d770850,9d4815ad-4a1a-48c1-863b-fa5d1654b493
59e6fb0d-11e3-454d-ad4a-1072acd0ca49,9d4815ad-4a1a-48c1-863b-fa5d1654b493
9e251ba0-1c29-478a-9b28-29e67030849b,9d4815ad-4a1a-48c1-863b-fa5d1654b493
9e251ba0-1c29-478a-9b28-29e67030849b,c69bf8d5-f153-4d8b-ad6e-01baead7866d
55fbce62-e098-4c2b-80f7-06c04bab1379,43c80833-d18a-49b6-9472-13c404e6bc30
55fbce62-e098-4c2b-80f7-06c04bab1379,c173d98a-c792-48eb-9499-66f82a76f516
4a6b340f-c686-4287-af55-21d211131987,43c80833-d18a-49b6-9472-13c404e6bc30
4a6b340f-c686-4287-af55-21d211131987,eda68160-1ee0-451f-a1f5-1f5e60ff1bd5
e222e217-6f68-4097-a353-f52f2f59559f,9d4815ad-4a1a-48c1-863b-fa5d1654b493
aaa85f2e-a592-48a3-a37b-f7e0b62d9fe9,9d4815ad-4a1a-48c1-863b-fa5d1654b493
aa48f3a1-9523-4d73-b28b-cc3722b5a6fe,9d4815ad-4a1a-48c1-863b-fa5d1654b493
aa48f3a1-9523-4d73-b28b-cc3722b5a6fe,c880327b-1ec9-4304-bf94-30b9fcc917fd
aa48f3a1-9523-4d73-b28b-cc3722b5a6fe,c173d98a-c792-48eb-9499-66f82a76f516
cca078d9-3c75-418a-9ce0-9db505635d7e,eda68160-1ee0-451f-a1f5-1f5e60ff1bd5
296ac5ee-a000-43f8-9729-511e4ab4d723,9d4815ad-4a1a-48c1-863b-fa5d1654b493
45755629-ec17-438a-ae6a-f2dad41ca50a,c880327b-1ec9-4304-bf94-30b9fcc917fd
45755629-ec17-438a-ae6a-f2dad41ca50a,c173d98a-c792-48eb-9499-66f82a76f516
454320e2-ba03-4471-866b-9d8c09e5f448,43c80833-d18a-49b6-9472-13c404e6bc30
454320e2-ba03-4471-866b-9d8c09e5f448,9d4815ad-4a1a-48c1-863b-fa5d1654b493
454320e2-ba03-4471-866b-9d8c09e5f448,e69bf6be-e8ca-4c93-9983-10d9fb926748
5b813966-4088-4f72-b5ea-ee5c9bb9ba25,9d4815ad-4a1a-48c1-863b-fa5d1654b493
5c8d2e9d-9f44-4e0c-a5f9-31cb34c104cb,9d4815ad-4a1a-48c1-863b-fa5d1654b493
5c8d2e9d-9f44-4e0c-a5f9-31cb34c104cb,9175f0e7-742b-46f3-9460-c12835770c30
e04a70fe-ed68-4d21-9f44-41dc8f9d5c65,9d4815ad-4a1a-48c1-863b-fa5d1654b493
e04a70fe-ed68-4d21-9f44-41dc8f9d5c65,9175f0e7-742b-46f3-9460-c12835770c30
c76f76da-44c2-44ae-9c5c-f7c937e6037a,9d4815ad-4a1a-48c1-863b-fa5d1654b493
79b6e798-27ed-40d1-b0c4-c4b51fba89ee,a9a91aa0-60e3-42d6-b68c-d7dbddb11579
79b6e798-27ed-40d1-b0c4-c4b51fba89ee,c880327b-1ec9-4304-bf94-30b9fcc917fd
79b6e798-27ed-40d1-b0c4-c4b51fba89ee,9175f0e7-742b-46f3-9460-c12835770c30
79b6e798-27ed-40d1-b0c4-c4b51fba89ee,1a777958-b68c-4150-9909-d1b57a20e8d7
3177a908-ee15-40ef-aa6d-b744250f12cf,9175f0e7-742b-46f3-9460-c12835770c30
3177a908-ee15-40ef-aa6d-b744250f12cf,9d4815ad-4a1a-48c1-863b-fa5d1654b493
0cca976b-8975-420a-82b4-40c33311d6cc,9d4815ad-4a1a-48c1-863b-fa5d1654b493
dca66d31-f4be-4cab-b788-af9d4f6712c4,e69bf6be-e8ca-4c93-9983-10d9fb926748
dca66d31-f4be-4cab-b788-af9d4f6712c4,1a777958-b68c-4150-9909-d1b57a20e8d7
e2a5ebfb-e880-45d4-ab33-5bc2a7b7fa17,c173d98a-c792-48eb-9499-66f82a76f516
b8877c3d-1f8a-4a08-8dc4-556cb9695746,c880327b-1ec9-4304-bf94-30b9fcc917fd
b8877c3d-1f8a-4a08-8dc4-556cb9695746,c173d98a-c792-48eb-9499-66f82a76f516
5f245fbf-bb9f-4167-b2c6-9d9483b22913,3f636b85-5a02-4da6-9e81-28b70d85b4ae
89b965e8-b831-4354-bfbd-ccc8abea5f0b,9d4815ad-4a1a-48c1-863b-fa5d1654b493
89b965e8-b831-4354-bfbd-ccc8abea5f0b,c880327b-1ec9-4304-bf94-30b9fcc917fd
4dc102bb-90df-44fb-bdd9-d585db485fda,c880327b-1ec9-4304-bf94-30b9fcc917fd
a2004969-b414-4d96-a7d5-ba41bfaa76e5,9d4815ad-4a1a-48c1-863b-fa5d1654b493
db4754c7-e1ad-4168-98fb-1b36bc50c8c7,9d4815ad-4a1a-48c1-863b-fa5d1654b493
db4754c7-e1ad-4168-98fb-1b36bc50c8c7,c880327b-1ec9-4304-bf94-30b9fcc917fd
5a8e4867-a6d0-4e1d-a3d8-2fb298fc0e26,c173d98a-c792-48eb-9499-66f82a76f516
84163860-5c4a-495f-8c4c-675046881d7e,43c80833-d18a-49b6-9472-13c404e6bc30
a46014a6-fa17-45b9-8160-ddadd9e960d9,43c80833-d18a-49b6-9472-13c404e6bc30
6ca7100e-3edc-4789-952b-eca22960d351,9d4815ad-4a1a-48c1-863b-fa5d1654b493
6ca7100e-3edc-4789-952b-eca22960d351,3d837675-b7f3-4b42-9975-12b7a640c58d
c1c6176f-16c2-4076-bd08-52fc2c1f8cfa,9d4815ad-4a1a-48c1-863b-fa5d1654b493
c1c6176f-16c2-4076-bd08-52fc2c1f8cfa,3d837675-b7f3-4b42-9975-12b7a640c58d
f12eabfc-36a4-4e62-8c5d-0641380898f7,9d4815ad-4a1a-48c1-863b-fa5d1654b493
f12eabfc-36a4-4e62-8c5d-0641380898f7,c173d98a-c792-48eb-9499-66f82a76f516
f12eabfc-36a4-4e62-8c5d-0641380898f7,c880327b-1ec9-4304-bf94-30b9fcc917fd
b302e655-6a5e-4e9a-bd1a-23309f996e83,9d4815ad-4a1a-48c1-863b-fa5d1654b493
b302e655-6a5e-4e9a-bd1a-23309f996e83,c173d98a-c792-48eb-9499-66f82a76f516
b302e655-6a5e-4e9a-bd1a-23309f996e83,c880327b-1ec9-4304-bf94-30b9fcc917fd
3d6372da-aa46-4b8a-a344-1b66cea97bd8,9d4815ad-4a1a-48c1-863b-fa5d1654b493
3d6372da-aa46-4b8a-a344-1b66cea97bd8,c880327b-1ec9-4304-bf94-30b9fcc917fd
3d6372da-aa46-4b8a-a344-1b66cea97bd8,c173d98a-c792-48eb-9499-66f82a76f516
260fbe7d-e3f9-40ac-ace9-66d516e0b5a5,9d4815ad-4a1a-48c1-863b-fa5d1654b493
60bfca57-03c2-46ae-8d9e-3498d57c6d6b,c173d98a-c792-48eb-9499-66f82a76f516
34529561-cd92-493c-9b2a-cd3a019bf8d8,9175f0e7-742b-46f3-9460-c12835770c30
34529561-cd92-493c-9b2a-cd3a019bf8d8,9d4815ad-4a1a-48c1-863b-fa5d1654b493
00c0f6ff-616a-4112-b718-1c7c7fbc01d1,c880327b-1ec9-4304-bf94-30b9fcc917fd
00c0f6ff-616a-4112-b718-1c7c7fbc01d1,9d4815ad-4a1a-48c1-863b-fa5d1654b493
00c0f6ff-616a-4112-b718-1c7c7fbc01d1,c173d98a-c792-48eb-9499-66f82a76f516
77e949f7-66b0-412d-a256-528a42518859,c880327b-1ec9-4304-bf94-30b9fcc917fd
77e949f7-66b0-412d-a256-528a42518859,9d4815ad-4a1a-48c1-863b-fa5d1654b493
77e949f7-66b0-412d-a256-528a42518859,c173d98a-c792-48eb-9499-66f82a76f516
39308dcd-05c5-4693-ba0f-6e0035cf6591,c173d98a-c792-48eb-9499-66f82a76f516
39308dcd-05c5-4693-ba0f-6e0035cf6591,9d4815ad-4a1a-48c1-863b-fa5d1654b493
6716ddbd-dc30-4571-9f58-078fc03e77bb,9d4815ad-4a1a-48c1-863b-fa5d1654b493
7744094e-0b04-4398-80e2-8a15d2f2f7e7,9d4815ad-4a1a-48c1-863b-fa5d1654b493
7744094e-0b04-4398-80e2-8a15d2f2f7e7,3d837675-b7f3-4b42-9975-12b7a640c58d
af96488d-2859-4ee5-aa2c-1b87ed576504,c173d98a-c792-48eb-9499-66f82a76f516
2482a04f-12a7-4ce2-8d66-88573c12f351,3f636b85-5a02-4da6-9e81-28b70d85b4ae
fa0e7d30-ba2e-40ff-ae29-d205352dd079,c880327b-1ec9-4304-bf94-30b9fcc917fd
fa0e7d30-ba2e-40ff-ae29-d205352dd079,9d4815ad-4a1a-48c1-863b-fa5d1654b493
d17e7077-66cc-4484-a2c2-7c858c6858a7,9d4815ad-4a1a-48c1-863b-fa5d1654b493
d17e7077-66cc-4484-a2c2-7c858c6858a7,c173d98a-c792-48eb-9499-66f82a76f516
0fbfb42b-aa59-4db6-a871-34448399162f,9d4815ad-4a1a-48c1-863b-fa5d1654b493
718a31c5-540b-4f5a-a873-58f12d4ec8e0,9175f0e7-742b-46f3-9460-c12835770c30
294098b8-8b6c-40d4-8256-94c8506498b0,9d4815ad-4a1a-48c1-863b-fa5d1654b493
294098b8-8b6c-40d4-8256-94c8506498b0,e69bf6be-e8ca-4c93-9983-10d9fb926748
9ce74d49-da2f-4f7f-8bda-b911891bb0bc,cc6bd1fb-b429-4338-a933-a05ceeaed5f1
fa2919f9-9c2a-4657-b063-94c1153ffce8,9d4815ad-4a1a-48c1-863b-fa5d1654b493
9321b1db-7740-4c19-8d09-37c98484dc13,a42eb3a9-5c65-48fa-b293-d3af271f782a
020272ab-801a-476a-9cbe-26b1d52866e0,c173d98a-c792-48eb-9499-66f82a76f516
020272ab-801a-476a-9cbe-26b1d52866e0,9d4815ad-4a1a-48c1-863b-fa5d1654b493
020272ab-801a-476a-9cbe-26b1d52866e0,43c80833-d18a-49b6-9472-13c404e6bc30
a019593e-fb40-417f-bd88-f1b752a63fe1,e69bf6be-e8ca-4c93-9983-10d9fb926748
a019593e-fb40-417f-bd88-f1b752a63fe1,9175f0e7-742b-46f3-9460-c12835770c30
c693d28d-e1fa-40ab-a1c9-62661d69db9e,c173d98a-c792-48eb-9499-66f82a76f516
c693d28d-e1fa-40ab-a1c9-62661d69db9e,c880327b-1ec9-4304-bf94-30b9fcc917fd
c805af5c-b576-4a78-a440-af3d21e1ffd6,3f636b85-5a02-4da6-9e81-28b70d85b4ae
fd5406b5-dcea-4841-96cf-5d44500ee577,c880327b-1ec9-4304-bf94-30b9fcc917fd
fd5406b5-dcea-4841-96cf-5d44500ee577,9d4815ad-4a1a-48c1-863b-fa5d1654b493
be5ab056-d6b6-41b7-aa89-dab8d60e07ff,3f636b85-5a02-4da6-9e81-28b70d85b4ae
b278fcf7-ee6b-42e6-b6a4-094fbdf13229,9d4815ad-4a1a-48c1-863b-fa5d1654b493
50ad3b83-bbdf-4644-8283-bdbda5520138,9d4815ad-4a1a-48c1-863b-fa5d1654b493
c409a799-388e-4cc0-b875-09d5dbfb226c,c173d98a-c792-48eb-9499-66f82a76f516
e8b96856-0ede-4fe1-8be1-57e3344670ad,c173d98a-c792-48eb-9499-66f82a76f516
e8b96856-0ede-4fe1-8be1-57e3344670ad,9d4815ad-4a1a-48c1-863b-fa5d1654b493
2251a814-4d30-43b3-a879-ec3f1fa242c0,9d4815ad-4a1a-48c1-863b-fa5d1654b493
f78b1dfd-1cf7-481c-a1f6-63de1a949d70,9d4815ad-4a1a-48c1-863b-fa5d1654b493
87467256-0c13-41fc-b81d-85bb8b1e173b,9d4815ad-4a1a-48c1-863b-fa5d1654b493
65e80642-1051-45df-bcc7-7d551ae41aa7,9d4815ad-4a1a-48c1-863b-fa5d1654b493
3dd0dd8b-27b7-45f5-b57a-f5235f98a20c,9d4815ad-4a1a-48c1-863b-fa5d1654b493
3dd0dd8b-27b7-45f5-b57a-f5235f98a20c,eda68160-1ee0-451f-a1f5-1f5e60ff1bd5
756d113b-df1a-42c6-8bb9-a862d2dae63b,9d4815ad-4a1a-48c1-863b-fa5d1654b493
1914dee6-f636-4fb8-a687-6f22594bfb76,9d4815ad-4a1a-48c1-863b-fa5d1654b493
c4cf9227-3b1e-40db-8bef-b369d00ffcda,9d4815ad-4a1a-48c1-863b-fa5d1654b493
14b582b8-b77d-4b50-93db-9ff03a932963,eda68160-1ee0-451f-a1f5-1f5e60ff1bd5
14b582b8-b77d-4b50-93db-9ff03a932963,9d4815ad-4a1a-48c1-863b-fa5d1654b493
ca79a044-2486-42fd-a7ae-f9958285a9f9,e69bf6be-e8ca-4c93-9983-10d9fb926748
9abef608-81eb-4837-b6dc-f97e88ddd263,c173d98a-c792-48eb-9499-66f82a76f516
9abef608-81eb-4837-b6dc-f97e88ddd263,c880327b-1ec9-4304-bf94-30b9fcc917fd
8e8394c5-d004-4a01-9451-4a35c5772874,9d4815ad-4a1a-48c1-863b-fa5d1654b493
f07ed8f2-9196-44b8-8dae-6d63197f228e,9d4815ad-4a1a-48c1-863b-fa5d1654b493
cb825aa1-add3-454e-9813-76631c203d66,a42eb3a9-5c65-48fa-b293-d3af271f782a
cb825aa1-add3-454e-9813-76631c203d66,e69bf6be-e8ca-4c93-9983-10d9fb926748
cb825aa1-add3-454e-9813-76631c203d66,cc6bd1fb-b429-4338-a933-a05ceeaed5f1
b1be47ef-2a9a-423e-8aad-e8efc7433ad4,a42eb3a9-5c65-48fa-b293-d3af271f782a
b1be47ef-2a9a-423e-8aad-e8efc7433ad4,9d4815ad-4a1a-48c1-863b-fa5d1654b493
d7a02495-b035-437a-9ce1-2511d3355882,9d4815ad-4a1a-48c1-863b-fa5d1654b493
d7a02495-b035-437a-9ce1-2511d3355882,c880327b-1ec9-4304-bf94-30b9fcc917fd
85644dd7-29fe-4ad9-831a-eea87ee74de3,43c80833-d18a-49b6-9472-13c404e6bc30
85644dd7-29fe-4ad9-831a-eea87ee74de3,d5bf1c7d-ad01-436b-954e-7e6a948a60b4
85644dd7-29fe-4ad9-831a-eea87ee74de3,9d4815ad-4a1a-48c1-863b-fa5d1654b493
ec1bd8da-c7a8-4979-94ce-7ee7162498f9,3f636b85-5a02-4da6-9e81-28b70d85b4ae
c071fef8-1910-4ad6-a66d-103a07bad3b9,c880327b-1ec9-4304-bf94-30b9fcc917fd
c071fef8-1910-4ad6-a66d-103a07bad3b9,c173d98a-c792-48eb-9499-66f82a76f516
26051197-9abe-44df-a6ff-324d1ecb623b,9d4815ad-4a1a-48c1-863b-fa5d1654b493
c02dc3ea-1725-4c80-90b4-c8064efd7eee,9d4815ad-4a1a-48c1-863b-fa5d1654b493
4c1b0d90-552e-4b68-a37f-d78ebe8336e6,c173d98a-c792-48eb-9499-66f82a76f516
5a88bd9b-1db8-4336-88c7-bdd46397b36d,1db2847c-40fd-4edc-af5a-2a5b7682a38e
5a88bd9b-1db8-4336-88c7-bdd46397b36d,c173d98a-c792-48eb-9499-66f82a76f516
40bf48aa-77bf-4893-ba7f-9df95e2cd1ba,9d4815ad-4a1a-48c1-863b-fa5d1654b493
7dfee048-3b79-45f5-914a-0e7a69ea7398,c173d98a-c792-48eb-9499-66f82a76f516
7dfee048-3b79-45f5-914a-0e7a69ea7398,c880327b-1ec9-4304-bf94-30b9fcc917fd
4914f6b4-70fd-49e6-97a7-a8b22b1e01e6,9d4815ad-4a1a-48c1-863b-fa5d1654b493
4914f6b4-70fd-49e6-97a7-a8b22b1e01e6,c880327b-1ec9-4304-bf94-30b9fcc917fd
bc3fa975-71dc-4426-8271-ce875ad8f971,a9a91aa0-60e3-42d6-b68c-d7dbddb11579
6e8f473e-b1ff-4c36-bc4a-75647f8ba3f5,eda68160-1ee0-451f-a1f5-1f5e60ff1bd5
6e8f473e-b1ff-4c36-bc4a-75647f8ba3f5,9d4815ad-4a1a-48c1-863b-fa5d1654b493
1e433229-e125-40d6-b8df-dca454277f8e,9175f0e7-742b-46f3-9460-c12835770c30
1e433229-e125-40d6-b8df-dca454277f8e,eda68160-1ee0-451f-a1f5-1f5e60ff1bd5
1e433229-e125-40d6-b8df-dca454277f8e,9d4815ad-4a1a-48c1-863b-fa5d1654b493
ba870184-06ec-4103-b7ae-4ba3be174cf5,9d4815ad-4a1a-48c1-863b-fa5d1654b493
ba870184-06ec-4103-b7ae-4ba3be174cf5,c173d98a-c792-48eb-9499-66f82a76f516
8c859ab3-3742-4c27-a098-484bdbcab8d0,9d4815ad-4a1a-48c1-863b-fa5d1654b493
49cdec19-01e4-4a59-adb6-98d5a7a543a3,9d4815ad-4a1a-48c1-863b-fa5d1654b493
06e9a664-240a-4235-b3ce-913ddcbdebec,9d4815ad-4a1a-48c1-863b-fa5d1654b493
06e9a664-240a-4235-b3ce-913ddcbdebec,cc6bd1fb-b429-4338-a933-a05ceeaed5f1
430ab814-4aea-49ef-92c1-d7469da64aa2,d5bf1c7d-ad01-436b-954e-7e6a948a60b4
430ab814-4aea-49ef-92c1-d7469da64aa2,3d837675-b7f3-4b42-9975-12b7a640c58d
430ab814-4aea-49ef-92c1-d7469da64aa2,e69bf6be-e8ca-4c93-9983-10d9fb926748
31c9d773-6b02-43cc-9cc6-75ee77f92c34,9d4815ad-4a1a-48c1-863b-fa5d1654b493
9c461219-16e8-4fa9-bc92-0b1e7c2798b2,c880327b-1ec9-4304-bf94-30b9fcc917fd
9c461219-16e8-4fa9-bc92-0b1e7c2798b2,9175f0e7-742b-46f3-9460-c12835770c30
04547865-72ea-4502-8a83-90b1e5a45558,9d4815ad-4a1a-48c1-863b-fa5d1654b493
10b78ad0-d73a-48ea-b96d-2fd6b924fce3,9d4815ad-4a1a-48c1-863b-fa5d1654b493
c540c834-b73a-4e9c-8cf9-e69b5fd9dcf3,9175f0e7-742b-46f3-9460-c12835770c30
c540c834-b73a-4e9c-8cf9-e69b5fd9dcf3,9d4815ad-4a1a-48c1-863b-fa5d1654b493
a491a35a-389a-4578-bc95-f5c56ce75f32,9d4815ad-4a1a-48c1-863b-fa5d1654b493
a491a35a-389a-4578-bc95-f5c56ce75f32,c880327b-1ec9-4304-bf94-30b9fcc917fd
0b2c8ea0-acc9-49be-baac-edca889c8d87,3f636b85-5a02-4da6-9e81-28b70d85b4ae
c0ac20ed-f922-4e29-9db1-1f0c57f5e1af,9d4815ad-4a1a-48c1-863b-fa5d1654b493
6115e3b4-1e3d-467e-b29f-b3044b68b597,9d4815ad-4a1a-48c1-863b-fa5d1654b493
cd9a4f8c-7c1a-4de0-b62e-4586aed14e0b,c880327b-1ec9-4304-bf94-30b9fcc917fd
7f13ae26-a6e8-416b-b021-591d21426b7e,9d4815ad-4a1a-48c1-863b-fa5d1654b493
59582c5a-2268-4756-b4b7-5b0ad2b9d8b7,9d4815ad-4a1a-48c1-863b-fa5d1654b493
aa71c1df-2471-4a07-9f8d-279f3a1e534b,eda68160-1ee0-451f-a1f5-1f5e60ff1bd5
aa71c1df-2471-4a07-9f8d-279f3a1e534b,43c80833-d18a-49b6-9472-13c404e6bc30
aa71c1df-2471-4a07-9f8d-279f3a1e534b,9d4815ad-4a1a-48c1-863b-fa5d1654b493
9e27ede4-c0be-47f1-85d7-1a32b6906595,9d4815ad-4a1a-48c1-863b-fa5d1654b493
edc1fb17-08bc-4e72-a4cd-4495fb2c1f08,9d4815ad-4a1a-48c1-863b-fa5d1654b493
e82df422-6423-4d23-a086-557e18431b31,3f636b85-5a02-4da6-9e81-28b70d85b4ae
10663e9d-d1a1-4c4f-95cb-812f20f83315,9d4815ad-4a1a-48c1-863b-fa5d1654b493
8829d780-caee-4b27-a352-c234eabd8d00,3d837675-b7f3-4b42-9975-12b7a640c58d
8829d780-caee-4b27-a352-c234eabd8d00,c173d98a-c792-48eb-9499-66f82a76f516
5942b3d4-27dd-4e0d-a5b2-db77f6ae379a,c880327b-1ec9-4304-bf94-30b9fcc917fd
5942b3d4-27dd-4e0d-a5b2-db77f6ae379a,c173d98a-c792-48eb-9499-66f82a76f516
5942b3d4-27dd-4e0d-a5b2-db77f6ae379a,cc6bd1fb-b429-4338-a933-a05ceeaed5f1
e178a6d3-d6a9-43b1-bfdc-edf55c9814be,43c80833-d18a-49b6-9472-13c404e6bc30
e178a6d3-d6a9-43b1-bfdc-edf55c9814be,9d4815ad-4a1a-48c1-863b-fa5d1654b493
e178a6d3-d6a9-43b1-bfdc-edf55c9814be,cc6bd1fb-b429-4338-a933-a05ceeaed5f1
e178a6d3-d6a9-43b1-bfdc-edf55c9814be,eda68160-1ee0-451f-a1f5-1f5e60ff1bd5
a57b3623-738d-4ea6-b0f9-94e3de59c91c,9d4815ad-4a1a-48c1-863b-fa5d1654b493
6cc388fe-d494-45f8-8d75-a2cc032f3a50,d5bf1c7d-ad01-436b-954e-7e6a948a60b4
f2fe085b-89bf-432e-87d7-c8c74910a117,9d4815ad-4a1a-48c1-863b-fa5d1654b493
7a666cf6-d986-4eaf-a8a8-8182cb22985e,cc6bd1fb-b429-4338-a933-a05ceeaed5f1
7539ff50-2dd6-43c4-a62f-34db864b7064,9d4815ad-4a1a-48c1-863b-fa5d1654b493
ad0c087f-ae2d-4fab-96b3-eaaadabeb56c,3d837675-b7f3-4b42-9975-12b7a640c58d
ad0c087f-ae2d-4fab-96b3-eaaadabeb56c,9d4815ad-4a1a-48c1-863b-fa5d1654b493
5a6465ff-16d4-43fb-b937-1691eaeaeabb,9d4815ad-4a1a-48c1-863b-fa5d1654b493
32eecda6-91bc-40dd-ad44-0cc1d243ed3a,3d837675-b7f3-4b42-9975-12b7a640c58d
deab85dd-eaed-4663-8b20-9f51a2269400,3f636b85-5a02-4da6-9e81-28b70d85b4ae
b506780d-71a0-4f1f-9025-d88b5bfdaf36,9d4815ad-4a1a-48c1-863b-fa5d1654b493
676f62e1-3140-4c71-a686-02b7f0f2e163,9d4815ad-4a1a-48c1-863b-fa5d1654b493
9ee1a907-6f3c-4147-b036-c611b481e43f,c173d98a-c792-48eb-9499-66f82a76f516
9ee1a907-6f3c-4147-b036-c611b481e43f,9d4815ad-4a1a-48c1-863b-fa5d1654b493
56527fdd-3cae-4e77-96ed-a8b1259d31d8,9d4815ad-4a1a-48c1-863b-fa5d1654b493
56ea4dd1-0d2c-41a1-b869-4d1ba4a87a44,c173d98a-c792-48eb-9499-66f82a76f516
320c362f-104f-49f5-a923-0ffc9e5365d8,1a777958-b68c-4150-9909-d1b57a20e8d7
a2b97ff6-2783-4ed3-9fc2-9feddc33fd88,43c80833-d18a-49b6-9472-13c404e6bc30
a2b97ff6-2783-4ed3-9fc2-9feddc33fd88,e69bf6be-e8ca-4c93-9983-10d9fb926748
02ced77a-dbaa-498d-a936-b54887128285,9d4815ad-4a1a-48c1-863b-fa5d1654b493
2069e024-94f9-4c93-ae19-fc8e83d2de50,eda68160-1ee0-451f-a1f5-1f5e60ff1bd5
2069e024-94f9-4c93-ae19-fc8e83d2de50,9d4815ad-4a1a-48c1-863b-fa5d1654b493
6f8aba96-4c23-429b-8091-164972c28eec,9d4815ad-4a1a-48c1-863b-fa5d1654b493
92d82c83-11cf-4450-8a22-4135b7f7b9d5,9d4815ad-4a1a-48c1-863b-fa5d1654b493
99a3bdd3-4494-4d83-a17b-1ac2f779fd48,9d4815ad-4a1a-48c1-863b-fa5d1654b493
675b4427-fccd-44ed-a7e1-e19dc2b76c02,43c80833-d18a-49b6-9472-13c404e6bc30
675b4427-fccd-44ed-a7e1-e19dc2b76c02,9175f0e7-742b-46f3-9460-c12835770c30
269b7709-3d56-4c1a-a960-7ab008397036,9d4815ad-4a1a-48c1-863b-fa5d1654b493
9b5fa7e9-3c0c-47f2-b57f-101ace68dacd,c173d98a-c792-48eb-9499-66f82a76f516
9b5fa7e9-3c0c-47f2-b57f-101ace68dacd,eda68160-1ee0-451f-a1f5-1f5e60ff1bd5
96ca0c85-5c9e-4900-b15c-183038641c4b,9d4815ad-4a1a-48c1-863b-fa5d1654b493
9b3b3395-cffd-411f-ae9c-431b5b8ec3a7,9d4815ad-4a1a-48c1-863b-fa5d1654b493
86326c6f-a385-4e38-bf37-617c2b6a67ee,9d4815ad-4a1a-48c1-863b-fa5d1654b493
ac52762d-f8ce-4505-b1b6-e1b0d3ab06cd,9d4815ad-4a1a-48c1-863b-fa5d1654b493
8559bdef-5e20-4e5c-90f0-0f70e7fff9ac,9d4815ad-4a1a-48c1-863b-fa5d1654b493
ddadb027-9528-4795-ada5-5c96f22bc400,c173d98a-c792-48eb-9499-66f82a76f516
ddadb027-9528-4795-ada5-5c96f22bc400,9d4815ad-4a1a-48c1-863b-fa5d1654b493
78906cd3-dae2-40cd-8a0d-f7b1143f61ca,9d4815ad-4a1a-48c1-863b-fa5d1654b493
78906cd3-dae2-40cd-8a0d-f7b1143f61ca,9175f0e7-742b-46f3-9460-c12835770c30
78906cd3-dae2-40cd-8a0d-f7b1143f61ca,cc6bd1fb-b429-4338-a933-a05ceeaed5f1
2ff68871-b22d-4538-bf8d-c72372133694,9175f0e7-742b-46f3-9460-c12835770c30
412f2002-68f7-4eea-990e-29be62f34bb5,c173d98a-c792-48eb-9499-66f82a76f516
a2ae9b24-ad16-49bc-8ecf-b33ed7e31af5,c880327b-1ec9-4304-bf94-30b9fcc917fd
a2ae9b24-ad16-49bc-8ecf-b33ed7e31af5,43c80833-d18a-49b6-9472-13c404e6bc30
a2ae9b24-ad16-49bc-8ecf-b33ed7e31af5,9d4815ad-4a1a-48c1-863b-fa5d1654b493
d095622e-dac1-4762-b9df-b5d78065fd83,c173d98a-c792-48eb-9499-66f82a76f516
69886b0b-f1ce-4cf1-91eb-8df577d15d32,9175f0e7-742b-46f3-9460-c12835770c30
ebafecae-ad86-430e-89c8-3b7bf208bcc2,3f636b85-5a02-4da6-9e81-28b70d85b4ae
8b74b3a5-1a4f-4625-9f09-062788e47e74,c173d98a-c792-48eb-9499-66f82a76f516
0175ef93-6830-4674-9acc-27c77086d7d0,c880327b-1ec9-4304-bf94-30b9fcc917fd
0175ef93-6830-4674-9acc-27c77086d7d0,9d4815ad-4a1a-48c1-863b-fa5d1654b493
0175ef93-6830-4674-9acc-27c77086d7d0,3d837675-b7f3-4b42-9975-12b7a640c58d
af550bfa-2898-4e90-ad55-f2b2f9b442a4,9175f0e7-742b-46f3-9460-c12835770c30
4f281a62-215f-419d-a894-44697f54eb5a,9d4815ad-4a1a-48c1-863b-fa5d1654b493
9146a814-2d51-4ed5-aded-7f00c3bf6944,9d4815ad-4a1a-48c1-863b-fa5d1654b493
a1721cb3-68cf-46a7-90ec-8af5eedda9f2,e69bf6be-e8ca-4c93-9983-10d9fb926748
a1721cb3-68cf-46a7-90ec-8af5eedda9f2,c880327b-1ec9-4304-bf94-30b9fcc917fd
1cf8c9df-0b66-428f-8afb-0e90046c75b3,c880327b-1ec9-4304-bf94-30b9fcc917fd
1fe7f6a4-ee49-43db-93b4-8b5a2f805c30,c173d98a-c792-48eb-9499-66f82a76f516
1fe7f6a4-ee49-43db-93b4-8b5a2f805c30,9d4815ad-4a1a-48c1-863b-fa5d1654b493
cb0d7992-9db5-4cb7-a465-3f1170416524,c880327b-1ec9-4304-bf94-30b9fcc917fd
cb0d7992-9db5-4cb7-a465-3f1170416524,9d4815ad-4a1a-48c1-863b-fa5d1654b493
cb0d7992-9db5-4cb7-a465-3f1170416524,c173d98a-c792-48eb-9499-66f82a76f516
7ae69ef1-5439-44b1-8c2d-ccbbf2f8aae8,c880327b-1ec9-4304-bf94-30b9fcc917fd
7ae69ef1-5439-44b1-8c2d-ccbbf2f8aae8,9d4815ad-4a1a-48c1-863b-fa5d1654b493
7ae69ef1-5439-44b1-8c2d-ccbbf2f8aae8,9175f0e7-742b-46f3-9460-c12835770c30
b03ceb56-c03f-46ce-8795-637e7e0d2f77,c173d98a-c792-48eb-9499-66f82a76f516
3a5c19e3-5f31-4f1b-8665-73ac9e5ab31a,c173d98a-c792-48eb-9499-66f82a76f516
3a5c19e3-5f31-4f1b-8665-73ac9e5ab31a,eda68160-1ee0-451f-a1f5-1f5e60ff1bd5
dabd464c-e8ba-4d5a-b88e-0cd55113de2f,43c80833-d18a-49b6-9472-13c404e6bc30
dabd464c-e8ba-4d5a-b88e-0cd55113de2f,9d4815ad-4a1a-48c1-863b-fa5d1654b493
b475f15d-2b65-4df4-add0-7e03d52aeb3c,c69bf8d5-f153-4d8b-ad6e-01baead7866d
db3cbbeb-c2cd-42e6-98be-82f2b909a083,9d4815ad-4a1a-48c1-863b-fa5d1654b493
4c157a64-f943-44c3-b9b6-6422b0e76e83,9d4815ad-4a1a-48c1-863b-fa5d1654b493
4c157a64-f943-44c3-b9b6-6422b0e76e83,c173d98a-c792-48eb-9499-66f82a76f516
507e51f9-68a5-4ff6-b71e-3de79bc7f6db,9d4815ad-4a1a-48c1-863b-fa5d1654b493
922185b6-954b-4e11-8443-13d90ae1cca6,c880327b-1ec9-4304-bf94-30b9fcc917fd
922185b6-954b-4e11-8443-13d90ae1cca6,9d4815ad-4a1a-48c1-863b-fa5d1654b493
922185b6-954b-4e11-8443-13d90ae1cca6,eda68160-1ee0-451f-a1f5-1f5e60ff1bd5
922185b6-954b-4e11-8443-13d90ae1cca6,3d837675-b7f3-4b42-9975-12b7a640c58d
7ba97e0d-7996-4041-8656-601e9b07033a,43c80833-d18a-49b6-9472-13c404e6bc30
7ba97e0d-7996-4041-8656-601e9b07033a,c173d98a-c792-48eb-9499-66f82a76f516
7ba97e0d-7996-4041-8656-601e9b07033a,9d4815ad-4a1a-48c1-863b-fa5d1654b493
0bc52a31-a8e1-4520-9b77-d434af5d913a,9175f0e7-742b-46f3-9460-c12835770c30
0bc52a31-a8e1-4520-9b77-d434af5d913a,43c80833-d18a-49b6-9472-13c404e6bc30
e50df74f-b55b-4928-a65b-a0f28fed60c3,c173d98a-c792-48eb-9499-66f82a76f516
e50df74f-b55b-4928-a65b-a0f28fed60c3,9d4815ad-4a1a-48c1-863b-fa5d1654b493
e50df74f-b55b-4928-a65b-a0f28fed60c3,c880327b-1ec9-4304-bf94-30b9fcc917fd
062e0ae6-d55e-4998-9c98-cfb6138f36d9,9d4815ad-4a1a-48c1-863b-fa5d1654b493
f65f65f3-6286-4814-b4fe-e3477905430e,c173d98a-c792-48eb-9499-66f82a76f516
f65f65f3-6286-4814-b4fe-e3477905430e,9d4815ad-4a1a-48c1-863b-fa5d1654b493
f65f65f3-6286-4814-b4fe-e3477905430e,e69bf6be-e8ca-4c93-9983-10d9fb926748
c7925386-728f-441c-822b-f120fbe06335,c69bf8d5-f153-4d8b-ad6e-01baead7866d
c7925386-728f-441c-822b-f120fbe06335,a249e1aa-92ff-4b36-bb30-a71c9bb579b7
b7b7edc3-aab6-4193-85f3-a2002b1e0242,9d4815ad-4a1a-48c1-863b-fa5d1654b493
1727b6a0-cf30-4e2b-9abe-ffce19dca88c,9d4815ad-4a1a-48c1-863b-fa5d1654b493
15d06ba1-649d-46a8-8908-9f5191d8e4c5,3f636b85-5a02-4da6-9e81-28b70d85b4ae
ad516bdb-b384-4c66-9866-277744e622a7,9d4815ad-4a1a-48c1-863b-fa5d1654b493
6089c127-2cc9-4464-a7df-1032aebf4b25,9d4815ad-4a1a-48c1-863b-fa5d1654b493
04136888-dbfc-43e5-82da-5de2b17d87f7,3f636b85-5a02-4da6-9e81-28b70d85b4ae
6e6df085-77ff-47e5-8a81-d05d527106e4,9d4815ad-4a1a-48c1-863b-fa5d1654b493
aaa41bdb-7b97-4efb-a7b3-50e30f06c34c,9d4815ad-4a1a-48c1-863b-fa5d1654b493
fa9736b2-ef8f-4ac9-a1d0-5953668285ec,9d4815ad-4a1a-48c1-863b-fa5d1654b493
d5f4509e-16a7-42e1-9bce-831e5163380b,9d4815ad-4a1a-48c1-863b-fa5d1654b493
cac6d488-3271-4816-9dd1-badcd33c4b3c,9d4815ad-4a1a-48c1-863b-fa5d1654b493
cac6d488-3271-4816-9dd1-badcd33c4b3c,c69bf8d5-f153-4d8b-ad6e-01baead7866d
b8b9d211-364f-4ff0-a4ec-83eefe16220b,c173d98a-c792-48eb-9499-66f82a76f516
b8b9d211-364f-4ff0-a4ec-83eefe16220b,9d4815ad-4a1a-48c1-863b-fa5d1654b493
b8b9d211-364f-4ff0-a4ec-83eefe16220b,cc6bd1fb-b429-4338-a933-a05ceeaed5f1
b8b9d211-364f-4ff0-a4ec-83eefe16220b,9175f0e7-742b-46f3-9460-c12835770c30
657a5ada-110a-43a1-983b-ab5e4f0ceeb9,c173d98a-c792-48eb-9499-66f82a76f516
88d219b5-3ebb-4077-852f-d6ad185fa995,9d4815ad-4a1a-48c1-863b-fa5d1654b493
92b0b324-b949-44aa-8fc5-5c1a2f645127,9d4815ad-4a1a-48c1-863b-fa5d1654b493
92b0b324-b949-44aa-8fc5-5c1a2f645127,cc6bd1fb-b429-4338-a933-a05ceeaed5f1
92b0b324-b949-44aa-8fc5-5c1a2f645127,9175f0e7-742b-46f3-9460-c12835770c30
41473d2d-5fdf-4f7a-99a4-790ccc389d3d,9d4815ad-4a1a-48c1-863b-fa5d1654b493
b920cc2f-6540-497b-984e-cb67f93db18c,9d4815ad-4a1a-48c1-863b-fa5d1654b493
86945bbf-d9c0-43d5-8675-144a5402dcf1,43c80833-d18a-49b6-9472-13c404e6bc30
6b9e7818-6a74-413c-9894-9ae39ad0dae6,9d4815ad-4a1a-48c1-863b-fa5d1654b493
d1dbd16d-c240-430c-8151-a6c9df8f7f9c,c880327b-1ec9-4304-bf94-30b9fcc917fd
d1dbd16d-c240-430c-8151-a6c9df8f7f9c,9d4815ad-4a1a-48c1-863b-fa5d1654b493
d1dbd16d-c240-430c-8151-a6c9df8f7f9c,c173d98a-c792-48eb-9499-66f82a76f516
f12d007e-d822-4218-96f1-7df00defcd53,9d4815ad-4a1a-48c1-863b-fa5d1654b493
1970227f-907b-4b66-8697-857e3d650170,3f636b85-5a02-4da6-9e81-28b70d85b4ae
8064fcfb-194d-4131-a7ac-380f929f6558,9d4815ad-4a1a-48c1-863b-fa5d1654b493
a6837910-399b-4526-8585-c2bfb5df8885,9d4815ad-4a1a-48c1-863b-fa5d1654b493
45ffd077-48db-4227-bdc8-022e840f07d7,9d4815ad-4a1a-48c1-863b-fa5d1654b493
45ffd077-48db-4227-bdc8-022e840f07d7,3d837675-b7f3-4b42-9975-12b7a640c58d
591e6d7b-6723-4a26-8a05-cc700cd51dc3,eda68160-1ee0-451f-a1f5-1f5e60ff1bd5
591e6d7b-6723-4a26-8a05-cc700cd51dc3,9175f0e7-742b-46f3-9460-c12835770c30
591e6d7b-6723-4a26-8a05-cc700cd51dc3,9d4815ad-4a1a-48c1-863b-fa5d1654b493
e8e0ab9f-874a-46aa-a21a-8aa086db4fd9,c173d98a-c792-48eb-9499-66f82a76f516
e8e0ab9f-874a-46aa-a21a-8aa086db4fd9,9d4815ad-4a1a-48c1-863b-fa5d1654b493
f5f13567-9e89-4dec-8651-3479725cb473,c173d98a-c792-48eb-9499-66f82a76f516
f5f13567-9e89-4dec-8651-3479725cb473,e69bf6be-e8ca-4c93-9983-10d9fb926748
00eee8dc-7dd9-493c-9dd5-434ee7211623,c173d98a-c792-48eb-9499-66f82a76f516
00eee8dc-7dd9-493c-9dd5-434ee7211623,9d4815ad-4a1a-48c1-863b-fa5d1654b493
00eee8dc-7dd9-493c-9dd5-434ee7211623,c880327b-1ec9-4304-bf94-30b9fcc917fd
ef0e17b5-973e-490e-9dd3-8c3303319d46,9d4815ad-4a1a-48c1-863b-fa5d1654b493
f82c4598-6cd8-4a53-9f86-c9bafd16ddb9,9d4815ad-4a1a-48c1-863b-fa5d1654b493
1d8f68ca-4399-490a-95d3-e25244663397,9d4815ad-4a1a-48c1-863b-fa5d1654b493
1d8f68ca-4399-490a-95d3-e25244663397,e69bf6be-e8ca-4c93-9983-10d9fb926748
b2db6e98-f2d5-494d-b8aa-a48aa175785c,9d4815ad-4a1a-48c1-863b-fa5d1654b493
b2db6e98-f2d5-494d-b8aa-a48aa175785c,3d837675-b7f3-4b42-9975-12b7a640c58d
8b96e765-b3c0-4eed-beb1-d288764d8064,c173d98a-c792-48eb-9499-66f82a76f516
8b96e765-b3c0-4eed-beb1-d288764d8064,c880327b-1ec9-4304-bf94-30b9fcc917fd
718e7876-7405-4cf2-ad94-761ad854d5cc,9d4815ad-4a1a-48c1-863b-fa5d1654b493
5a6b3157-efdd-4fdf-8660-6ed725b64543,9175f0e7-742b-46f3-9460-c12835770c30
5a6b3157-efdd-4fdf-8660-6ed725b64543,9d4815ad-4a1a-48c1-863b-fa5d1654b493
bdda91ac-362a-4912-b7cb-af1f6abdccea,c173d98a-c792-48eb-9499-66f82a76f516
aa2a1810-91c0-4556-a92c-d9bd30ad646f,9d4815ad-4a1a-48c1-863b-fa5d1654b493
10fdcb59-b9bf-44e4-9bf6-ef8b14c4e157,9175f0e7-742b-46f3-9460-c12835770c30
0ede885b-816f-494e-95e5-0ad31ed076a1,3f636b85-5a02-4da6-9e81-28b70d85b4ae
696ab50b-1939-431d-817e-b6abcc141745,c880327b-1ec9-4304-bf94-30b9fcc917fd
696ab50b-1939-431d-817e-b6abcc141745,9d4815ad-4a1a-48c1-863b-fa5d1654b493
691e581a-da5d-47f1-8ab4-ce4d3e2f2729,9d4815ad-4a1a-48c1-863b-fa5d1654b493
e7476efa-de62-4cee-9a9a-131bde94a2b3,9d4815ad-4a1a-48c1-863b-fa5d1654b493
9672bd10-9c95-429d-9f3c-1f6b20868503,9d4815ad-4a1a-48c1-863b-fa5d1654b493
2fe40895-9077-4c7a-98f7-900f9879d63b,9d4815ad-4a1a-48c1-863b-fa5d1654b493
2fe40895-9077-4c7a-98f7-900f9879d63b,9175f0e7-742b-46f3-9460-c12835770c30
b029e24e-3aa4-447a-bca7-c386c45bd268,c880327b-1ec9-4304-bf94-30b9fcc917fd
b029e24e-3aa4-447a-bca7-c386c45bd268,9d4815ad-4a1a-48c1-863b-fa5d1654b493
b029e24e-3aa4-447a-bca7-c386c45bd268,e69bf6be-e8ca-4c93-9983-10d9fb926748
ab81c9b3-f8ea-41c2-847b-9753eaf7e768,9d4815ad-4a1a-48c1-863b-fa5d1654b493
ab81c9b3-f8ea-41c2-847b-9753eaf7e768,9175f0e7-742b-46f3-9460-c12835770c30
a29d6185-a7ec-4abc-a61a-4b5e195445b4,9d4815ad-4a1a-48c1-863b-fa5d1654b493
d815dd0d-5e2f-4cf9-ab1a-3578453a3a73,9d4815ad-4a1a-48c1-863b-fa5d1654b493
d815dd0d-5e2f-4cf9-ab1a-3578453a3a73,9175f0e7-742b-46f3-9460-c12835770c30
6b6bbb14-6c51-4cbf-b3c4-d70571234633,a249e1aa-92ff-4b36-bb30-a71c9bb579b7
5b03ba9b-c655-44d9-ab8a-642166580769,9d4815ad-4a1a-48c1-863b-fa5d1654b493
45dad402-e436-423c-b1da-f229225496e6,9d4815ad-4a1a-48c1-863b-fa5d1654b493
27b0de73-652a-4b91-a098-b27d80de9662,9d4815ad-4a1a-48c1-863b-fa5d1654b493
6d1030fd-1fa0-4a11-8772-b23944050bc7,a42eb3a9-5c65-48fa-b293-d3af271f782a
0e9cbac6-0287-4296-94c3-deb9753464ef,9d4815ad-4a1a-48c1-863b-fa5d1654b493
1191bd7d-0185-4c7c-989a-cb3eb1c44a38,9d4815ad-4a1a-48c1-863b-fa5d1654b493
1191bd7d-0185-4c7c-989a-cb3eb1c44a38,c880327b-1ec9-4304-bf94-30b9fcc917fd
1e58eace-a969-4881-818c-4345860e6775,9d4815ad-4a1a-48c1-863b-fa5d1654b493
7dce27d9-8a36-4f06-aa27-aab97288c25b,9d4815ad-4a1a-48c1-863b-fa5d1654b493
a368b95b-9290-4328-8285-6ee91528ebdd,9d4815ad-4a1a-48c1-863b-fa5d1654b493
a368b95b-9290-4328-8285-6ee91528ebdd,c173d98a-c792-48eb-9499-66f82a76f516
a368b95b-9290-4328-8285-6ee91528ebdd,eda68160-1ee0-451f-a1f5-1f5e60ff1bd5
370e4289-6efc-44d3-b2bf-66205c02b451,9d4815ad-4a1a-48c1-863b-fa5d1654b493
370e4289-6efc-44d3-b2bf-66205c02b451,b3f4fe99-cd04-421b-82a6-dcce0537be7c
49547ebd-b51f-4e16-9789-8605fd782070,c173d98a-c792-48eb-9499-66f82a76f516
49547ebd-b51f-4e16-9789-8605fd782070,9d4815ad-4a1a-48c1-863b-fa5d1654b493
2fec8143-a8d3-4a04-8a72-3a6624cf1860,9d4815ad-4a1a-48c1-863b-fa5d1654b493
2fec8143-a8d3-4a04-8a72-3a6624cf1860,c173d98a-c792-48eb-9499-66f82a76f516
8780d9c8-4b0a-4667-b828-bc9094dbf13a,b3f4fe99-cd04-421b-82a6-dcce0537be7c
8780d9c8-4b0a-4667-b828-bc9094dbf13a,9d4815ad-4a1a-48c1-863b-fa5d1654b493
cd52c80a-a791-41a2-b4e4-cd09ec5a668b,9d4815ad-4a1a-48c1-863b-fa5d1654b493
707dfdc1-de16-439a-8fd1-ea182325d9d1,c173d98a-c792-48eb-9499-66f82a76f516
707dfdc1-de16-439a-8fd1-ea182325d9d1,c880327b-1ec9-4304-bf94-30b9fcc917fd
cda11cc2-8663-440b-b5a4-9369ce48fec7,b3f4fe99-cd04-421b-82a6-dcce0537be7c
cda11cc2-8663-440b-b5a4-9369ce48fec7,9d4815ad-4a1a-48c1-863b-fa5d1654b493
74ba6f4e-6d8d-431d-af32-a0c779ef225e,3f636b85-5a02-4da6-9e81-28b70d85b4ae
74ba6f4e-6d8d-431d-af32-a0c779ef225e,9d4815ad-4a1a-48c1-863b-fa5d1654b493
4bfd3aee-261f-4588-a5a6-75dbdddb93d2,b3f4fe99-cd04-421b-82a6-dcce0537be7c
4bfd3aee-261f-4588-a5a6-75dbdddb93d2,9d4815ad-4a1a-48c1-863b-fa5d1654b493
517d5bf2-4994-4486-b1b7-9d7be31cbf76,1a777958-b68c-4150-9909-d1b57a20e8d7
517d5bf2-4994-4486-b1b7-9d7be31cbf76,9d4815ad-4a1a-48c1-863b-fa5d1654b493
135d00db-ecd9-4f39-848e-ef3e82f4b77e,9175f0e7-742b-46f3-9460-c12835770c30
a3f1ea26-699f-4ca2-9e24-3a1e6224a4d9,b3f4fe99-cd04-421b-82a6-dcce0537be7c
a3f1ea26-699f-4ca2-9e24-3a1e6224a4d9,9d4815ad-4a1a-48c1-863b-fa5d1654b493
68affd1b-f84c-4c65-b8dd-e05341269f53,9d4815ad-4a1a-48c1-863b-fa5d1654b493
4df586ad-b86a-4adc-9b96-c60839ab941b,b3f4fe99-cd04-421b-82a6-dcce0537be7c
4df586ad-b86a-4adc-9b96-c60839ab941b,9d4815ad-4a1a-48c1-863b-fa5d1654b493
1901213c-02f9-4bed-80c5-8b8054f73791,e69bf6be-e8ca-4c93-9983-10d9fb926748
1901213c-02f9-4bed-80c5-8b8054f73791,d5bf1c7d-ad01-436b-954e-7e6a948a60b4
1901213c-02f9-4bed-80c5-8b8054f73791,9d4815ad-4a1a-48c1-863b-fa5d1654b493
6135352d-c3c2-4bb6-91c9-3ee19c15fa4a,b3f4fe99-cd04-421b-82a6-dcce0537be7c
6135352d-c3c2-4bb6-91c9-3ee19c15fa4a,9d4815ad-4a1a-48c1-863b-fa5d1654b493
34db88c1-4c54-468a-8094-892c8343c751,9d4815ad-4a1a-48c1-863b-fa5d1654b493
34db88c1-4c54-468a-8094-892c8343c751,1db2847c-40fd-4edc-af5a-2a5b7682a38e
9b437e5a-344c-44be-952b-7963d51a85b2,9d4815ad-4a1a-48c1-863b-fa5d1654b493
8a5757c4-aeb2-4cea-a634-085f605aed91,9175f0e7-742b-46f3-9460-c12835770c30
8a5757c4-aeb2-4cea-a634-085f605aed91,1db2847c-40fd-4edc-af5a-2a5b7682a38e
8a5757c4-aeb2-4cea-a634-085f605aed91,a42eb3a9-5c65-48fa-b293-d3af271f782a
fe7aa50d-5b57-4eaa-b519-0d8120d1d70f,9d4815ad-4a1a-48c1-863b-fa5d1654b493
ac9e85da-081e-48d4-99c0-51ffc680a6a3,c880327b-1ec9-4304-bf94-30b9fcc917fd
1de1ab9e-1c95-4d3b-bcea-3b91e3d291bb,43c80833-d18a-49b6-9472-13c404e6bc30
1de1ab9e-1c95-4d3b-bcea-3b91e3d291bb,eda68160-1ee0-451f-a1f5-1f5e60ff1bd5
1de1ab9e-1c95-4d3b-bcea-3b91e3d291bb,9d4815ad-4a1a-48c1-863b-fa5d1654b493
e3a33d0a-3a5f-439f-a152-d3fef776022b,9d4815ad-4a1a-48c1-863b-fa5d1654b493
e3a33d0a-3a5f-439f-a152-d3fef776022b,c880327b-1ec9-4304-bf94-30b9fcc917fd
5827c266-f956-413e-99c7-ad5fab61f71d,c880327b-1ec9-4304-bf94-30b9fcc917fd
5827c266-f956-413e-99c7-ad5fab61f71d,9d4815ad-4a1a-48c1-863b-fa5d1654b493
f53b5394-78fe-4f84-b817-c7acc1923b56,9d4815ad-4a1a-48c1-863b-fa5d1654b493
d83a2d39-8f1e-4e8e-9068-9c2449b9e108,9d4815ad-4a1a-48c1-863b-fa5d1654b493
d83a2d39-8f1e-4e8e-9068-9c2449b9e108,9175f0e7-742b-46f3-9460-c12835770c30
dc664631-ac54-4aaa-88df-bffd3ee694d2,9d4815ad-4a1a-48c1-863b-fa5d1654b493
c152b692-ce0d-48df-8d97-caecf223ff69,9d4815ad-4a1a-48c1-863b-fa5d1654b493
c152b692-ce0d-48df-8d97-caecf223ff69,c173d98a-c792-48eb-9499-66f82a76f516
d0212dc1-9339-4bbc-8006-5db67cb5c599,3f636b85-5a02-4da6-9e81-28b70d85b4ae
b4b67c68-4ca7-4d9d-b898-f80d3437bfa4,9d4815ad-4a1a-48c1-863b-fa5d1654b493
7a7c4ab5-37ee-4a9f-8e34-ee4bd3ff7717,9d4815ad-4a1a-48c1-863b-fa5d1654b493
7a7c4ab5-37ee-4a9f-8e34-ee4bd3ff7717,eda68160-1ee0-451f-a1f5-1f5e60ff1bd5
da691168-d178-4719-bf9e-923698849288,9d4815ad-4a1a-48c1-863b-fa5d1654b493
09291ff1-255c-4dec-b25c-506e05c9e444,9d4815ad-4a1a-48c1-863b-fa5d1654b493
c265637d-19d8-4579-abf5-26ef39d42a58,9d4815ad-4a1a-48c1-863b-fa5d1654b493
c265637d-19d8-4579-abf5-26ef39d42a58,e69bf6be-e8ca-4c93-9983-10d9fb926748
c265637d-19d8-4579-abf5-26ef39d42a58,cc6bd1fb-b429-4338-a933-a05ceeaed5f1
65840ddc-918a-4892-a869-946c4c7675da,c173d98a-c792-48eb-9499-66f82a76f516
d44b55f9-2e27-4c6a-a44b-e5c1055fa27b,9d4815ad-4a1a-48c1-863b-fa5d1654b493
5b3c5ba2-6e45-44de-a4cc-0c3b23d391f6,3f636b85-5a02-4da6-9e81-28b70d85b4ae
753ff596-cf8e-4070-937a-5e953dbfbbea,9d4815ad-4a1a-48c1-863b-fa5d1654b493
136ac593-4f7b-40ad-948e-09e409bc1995,9d4815ad-4a1a-48c1-863b-fa5d1654b493
136ac593-4f7b-40ad-948e-09e409bc1995,1a777958-b68c-4150-9909-d1b57a20e8d7
081124ad-d480-4cb6-b995-a62cb9e31ebd,9175f0e7-742b-46f3-9460-c12835770c30
081124ad-d480-4cb6-b995-a62cb9e31ebd,9d4815ad-4a1a-48c1-863b-fa5d1654b493
9cb72392-2954-42bf-bd76-7e3a542e2e67,9d4815ad-4a1a-48c1-863b-fa5d1654b493
c89949a7-4da2-4c36-b0f5-79fed8c2136c,3f636b85-5a02-4da6-9e81-28b70d85b4ae
f791a925-786b-4bd2-9285-4f891685c6f9,9d4815ad-4a1a-48c1-863b-fa5d1654b493
15f048c1-d938-43ea-8cb0-5aaf161b249b,c880327b-1ec9-4304-bf94-30b9fcc917fd
15f048c1-d938-43ea-8cb0-5aaf161b249b,9d4815ad-4a1a-48c1-863b-fa5d1654b493
15f048c1-d938-43ea-8cb0-5aaf161b249b,c173d98a-c792-48eb-9499-66f82a76f516
739272a7-cdfa-475c-8818-ace1ee96bf65,9d4815ad-4a1a-48c1-863b-fa5d1654b493
ee742385-ff69-412d-9962-6dd6cd598afc,3f636b85-5a02-4da6-9e81-28b70d85b4ae
2196df80-174f-451b-8ab5-732d9d8b1521,9d4815ad-4a1a-48c1-863b-fa5d1654b493
f3925b1c-fb43-40f8-baec-a30f2d425841,9d4815ad-4a1a-48c1-863b-fa5d1654b493
5d2a50cc-cb1c-402d-bee8-507477fa40cf,c173d98a-c792-48eb-9499-66f82a76f516
1bf87f10-3b2b-489c-86f3-c2d242455857,c173d98a-c792-48eb-9499-66f82a76f516
b69515cb-4107-47a4-973e-332472388a82,cc6bd1fb-b429-4338-a933-a05ceeaed5f1
b69515cb-4107-47a4-973e-332472388a82,9175f0e7-742b-46f3-9460-c12835770c30
a6262883-27c2-49b8-a6a7-8cc1890e07fe,c173d98a-c792-48eb-9499-66f82a76f516
d09c1a7c-7bee-472d-9a36-9e2f0c186e97,9d4815ad-4a1a-48c1-863b-fa5d1654b493
ab9b05d5-a9b7-43d7-83ff-3224fd5107b0,9d4815ad-4a1a-48c1-863b-fa5d1654b493
ff16bae2-e2dd-408a-adff-55767e85cb5e,9d4815ad-4a1a-48c1-863b-fa5d1654b493
6e82f897-23ec-4e1d-bba8-58d827192c83,9d4815ad-4a1a-48c1-863b-fa5d1654b493
6e82f897-23ec-4e1d-bba8-58d827192c83,43c80833-d18a-49b6-9472-13c404e6bc30
496b19d6-10fb-410f-b75c-b195153e71c5,a249e1aa-92ff-4b36-bb30-a71c9bb579b7
496b19d6-10fb-410f-b75c-b195153e71c5,3f636b85-5a02-4da6-9e81-28b70d85b4ae
081a24f8-e0d6-4bec-a945-03068b6f28df,c173d98a-c792-48eb-9499-66f82a76f516
43357506-dd6e-4fac-8f00-f4b979dd09f9,9d4815ad-4a1a-48c1-863b-fa5d1654b493
312a4957-47d1-42f5-8e9c-9a9169b5a767,9d4815ad-4a1a-48c1-863b-fa5d1654b493
e8c5bed3-ce37-466c-a8ea-63d7207cead4,9d4815ad-4a1a-48c1-863b-fa5d1654b493
15e0b432-bd9b-4fc4-a8d6-3f9a7b283ce1,e69bf6be-e8ca-4c93-9983-10d9fb926748
15e0b432-bd9b-4fc4-a8d6-3f9a7b283ce1,a42eb3a9-5c65-48fa-b293-d3af271f782a
0bbfc86e-ffc3-44f5-a634-57f0d856c3d5,9175f0e7-742b-46f3-9460-c12835770c30
0bbfc86e-ffc3-44f5-a634-57f0d856c3d5,eda68160-1ee0-451f-a1f5-1f5e60ff1bd5
0bbfc86e-ffc3-44f5-a634-57f0d856c3d5,9d4815ad-4a1a-48c1-863b-fa5d1654b493
c36e91d3-0664-4118-85f6-25628a112ba7,3f636b85-5a02-4da6-9e81-28b70d85b4ae
813e6a71-9df7-4a75-a7a7-c8ed34c0a7f8,3f636b85-5a02-4da6-9e81-28b70d85b4ae
5ec3e374-20fb-4b2d-844f-f43e5c801030,c880327b-1ec9-4304-bf94-30b9fcc917fd
5ec3e374-20fb-4b2d-844f-f43e5c801030,c173d98a-c792-48eb-9499-66f82a76f516
5ec3e374-20fb-4b2d-844f-f43e5c801030,c69bf8d5-f153-4d8b-ad6e-01baead7866d
23e58c9a-ac79-4d0c-80bb-e4437082e615,9d4815ad-4a1a-48c1-863b-fa5d1654b493
bcdf8c15-699a-4220-a781-65ed51cc2012,3f636b85-5a02-4da6-9e81-28b70d85b4ae
bcdf8c15-699a-4220-a781-65ed51cc2012,b3f4fe99-cd04-421b-82a6-dcce0537be7c
17fa70dc-6765-49c5-a988-61a435ac95a3,c173d98a-c792-48eb-9499-66f82a76f516
17fa70dc-6765-49c5-a988-61a435ac95a3,eda68160-1ee0-451f-a1f5-1f5e60ff1bd5
d1d33262-01f5-479b-a294-e4a456596528,43c80833-d18a-49b6-9472-13c404e6bc30
d1d33262-01f5-479b-a294-e4a456596528,c173d98a-c792-48eb-9499-66f82a76f516
d1d33262-01f5-479b-a294-e4a456596528,9175f0e7-742b-46f3-9460-c12835770c30
7db1f571-bb6a-4458-a582-cde82facd949,9d4815ad-4a1a-48c1-863b-fa5d1654b493
7db1f571-bb6a-4458-a582-cde82facd949,eda68160-1ee0-451f-a1f5-1f5e60ff1bd5
6f291d3d-6163-40bf-bd63-97911ba4d51f,9d4815ad-4a1a-48c1-863b-fa5d1654b493
706ef748-68c4-4562-b4cb-b2ab4e6ea250,9d4815ad-4a1a-48c1-863b-fa5d1654b493
c00601ea-44a1-4d80-9fc0-f6286317d896,9d4815ad-4a1a-48c1-863b-fa5d1654b493
99f91795-9af9-4d2b-9b3a-d7e8d2655857,c880327b-1ec9-4304-bf94-30b9fcc917fd
99f91795-9af9-4d2b-9b3a-d7e8d2655857,9d4815ad-4a1a-48c1-863b-fa5d1654b493
df3d8366-4d08-4b9a-a5d5-4049a07bc430,c173d98a-c792-48eb-9499-66f82a76f516
141adca4-10c0-4c29-b7fd-3af9f0e6c07e,c880327b-1ec9-4304-bf94-30b9fcc917fd
141adca4-10c0-4c29-b7fd-3af9f0e6c07e,c173d98a-c792-48eb-9499-66f82a76f516
141adca4-10c0-4c29-b7fd-3af9f0e6c07e,9d4815ad-4a1a-48c1-863b-fa5d1654b493
6e975f8c-7d96-42ae-868b-14210aa914b6,9d4815ad-4a1a-48c1-863b-fa5d1654b493
6e975f8c-7d96-42ae-868b-14210aa914b6,1a777958-b68c-4150-9909-d1b57a20e8d7
6e975f8c-7d96-42ae-868b-14210aa914b6,9175f0e7-742b-46f3-9460-c12835770c30
6e975f8c-7d96-42ae-868b-14210aa914b6,eda68160-1ee0-451f-a1f5-1f5e60ff1bd5
8012f41d-0a29-443c-881c-25ca06e859a1,a249e1aa-92ff-4b36-bb30-a71c9bb579b7
3bd7392c-68f8-4ef7-a2c1-bb5ac6778860,c880327b-1ec9-4304-bf94-30b9fcc917fd
3bd7392c-68f8-4ef7-a2c1-bb5ac6778860,9175f0e7-742b-46f3-9460-c12835770c30
16116c21-4ca8-4ead-8d57-2f1712e7351e,c173d98a-c792-48eb-9499-66f82a76f516
745cdfcd-d9ce-4196-8462-1981c052cae9,c173d98a-c792-48eb-9499-66f82a76f516
c66f0a5f-4b8e-4977-956f-e863986585c3,9d4815ad-4a1a-48c1-863b-fa5d1654b493
4f94af4d-7f0a-4c00-9ded-0db552dd2d59,c173d98a-c792-48eb-9499-66f82a76f516
832c7c09-1c81-4b3f-bddd-aeaa6898650e,a42eb3a9-5c65-48fa-b293-d3af271f782a
5c885143-c32f-44b0-ab5d-fa60ec8a73cf,3f636b85-5a02-4da6-9e81-28b70d85b4ae
88b12acb-72bd-46ff-a6fe-9965a479f8b8,9d4815ad-4a1a-48c1-863b-fa5d1654b493
88b12acb-72bd-46ff-a6fe-9965a479f8b8,43c80833-d18a-49b6-9472-13c404e6bc30
88b12acb-72bd-46ff-a6fe-9965a479f8b8,d5bf1c7d-ad01-436b-954e-7e6a948a60b4
7fe28fc8-5b60-4647-a704-e91fb1cc7837,c173d98a-c792-48eb-9499-66f82a76f516
7fe28fc8-5b60-4647-a704-e91fb1cc7837,c880327b-1ec9-4304-bf94-30b9fcc917fd
c896c38e-cd0d-4e5c-94fd-8876102ea567,9d4815ad-4a1a-48c1-863b-fa5d1654b493
c896c38e-cd0d-4e5c-94fd-8876102ea567,c173d98a-c792-48eb-9499-66f82a76f516
2b08bf0a-6bae-4edc-b3eb-8bcb7eaca6a8,c173d98a-c792-48eb-9499-66f82a76f516
b3d0dc85-22d0-4d81-b014-5cd07608cb2b,9d4815ad-4a1a-48c1-863b-fa5d1654b493
b3d0dc85-22d0-4d81-b014-5cd07608cb2b,c880327b-1ec9-4304-bf94-30b9fcc917fd
7d1a619f-8b18-4f7e-9210-cbaacace3c95,3f636b85-5a02-4da6-9e81-28b70d85b4ae
78472195-98b8-4627-b318-f299bf0cae1e,9d4815ad-4a1a-48c1-863b-fa5d1654b493
61f0672c-ff94-48e1-93d4-eaf35a0b23a3,3f636b85-5a02-4da6-9e81-28b70d85b4ae
bd48af61-1587-4db3-9cff-e93666ae812f,9d4815ad-4a1a-48c1-863b-fa5d1654b493
59b3a2d3-ef06-46a5-bba6-a88ed9cd87c0,9d4815ad-4a1a-48c1-863b-fa5d1654b493
59b3a2d3-ef06-46a5-bba6-a88ed9cd87c0,43c80833-d18a-49b6-9472-13c404e6bc30
59b3a2d3-ef06-46a5-bba6-a88ed9cd87c0,e69bf6be-e8ca-4c93-9983-10d9fb926748
f504e181-4f53-4d3d-80a2-4d426ee79d82,9d4815ad-4a1a-48c1-863b-fa5d1654b493
d5654846-c83d-47bd-a24e-8b8a609ecfd2,eda68160-1ee0-451f-a1f5-1f5e60ff1bd5
d5654846-c83d-47bd-a24e-8b8a609ecfd2,9175f0e7-742b-46f3-9460-c12835770c30
b1ea3683-0b72-466c-94d9-e28bb38185fc,c173d98a-c792-48eb-9499-66f82a76f516
9759be22-2112-4880-95a5-f30dfa7f2857,a249e1aa-92ff-4b36-bb30-a71c9bb579b7
1bdc2b7f-f476-4efa-bd05-5c94d5f69434,c173d98a-c792-48eb-9499-66f82a76f516
1bdc2b7f-f476-4efa-bd05-5c94d5f69434,c880327b-1ec9-4304-bf94-30b9fcc917fd
fa4dfd3b-5cd9-43fc-8e33-44194089e7f9,9d4815ad-4a1a-48c1-863b-fa5d1654b493
88d3221b-95bb-41d4-b63b-7cc2f0a6fdb3,a42eb3a9-5c65-48fa-b293-d3af271f782a
571462ad-3cca-494e-8f8f-c5ae49c0c1a9,c173d98a-c792-48eb-9499-66f82a76f516
9171ed33-0e21-427e-b4b6-df03bd41603f,9d4815ad-4a1a-48c1-863b-fa5d1654b493
959fe531-ad49-4445-ba42-7d31b36a05eb,c173d98a-c792-48eb-9499-66f82a76f516
959fe531-ad49-4445-ba42-7d31b36a05eb,43c80833-d18a-49b6-9472-13c404e6bc30
c223b84c-8512-4c23-8be2-a155d8683e56,c173d98a-c792-48eb-9499-66f82a76f516
c223b84c-8512-4c23-8be2-a155d8683e56,9d4815ad-4a1a-48c1-863b-fa5d1654b493
68b373fc-cf99-4b44-bd4a-f08f3d1e9ea6,9d4815ad-4a1a-48c1-863b-fa5d1654b493
13560f6a-652c-41b9-9be9-61ed1baa7f77,9d4815ad-4a1a-48c1-863b-fa5d1654b493
13560f6a-652c-41b9-9be9-61ed1baa7f77,c880327b-1ec9-4304-bf94-30b9fcc917fd
d2e083aa-e254-49b2-9971-69ceb46959f1,9d4815ad-4a1a-48c1-863b-fa5d1654b493
bb17d234-3d4f-4377-86a5-cba23a8d1d3b,9d4815ad-4a1a-48c1-863b-fa5d1654b493
c7603229-d93b-463e-b1b5-540a88fe56db,43c80833-d18a-49b6-9472-13c404e6bc30
c7603229-d93b-463e-b1b5-540a88fe56db,c880327b-1ec9-4304-bf94-30b9fcc917fd
c7603229-d93b-463e-b1b5-540a88fe56db,9175f0e7-742b-46f3-9460-c12835770c30
9991a062-0e35-4eef-92bb-f1f9e37f9132,9d4815ad-4a1a-48c1-863b-fa5d1654b493
8fe593da-5c7b-4a24-959e-fac7fded211c,c173d98a-c792-48eb-9499-66f82a76f516
14aa48df-d2d8-4752-a2d5-5c2dd9dd307f,9d4815ad-4a1a-48c1-863b-fa5d1654b493
4c578050-3596-4162-b99f-2027f3a6c661,9d4815ad-4a1a-48c1-863b-fa5d1654b493
bad2b4cb-d02e-4935-ab8b-d3a61b3be11a,9d4815ad-4a1a-48c1-863b-fa5d1654b493
f570b4bd-1cf8-4579-843b-c55e09217f5f,9d4815ad-4a1a-48c1-863b-fa5d1654b493
f23bad33-2e10-4e68-8aef-df08bd7f7db5,c173d98a-c792-48eb-9499-66f82a76f516
650f4fcf-5457-41e0-bb3d-0aa262abf8d7,c173d98a-c792-48eb-9499-66f82a76f516
818433f9-7ae5-4c4a-a2b5-80d2a4d52be4,9d4815ad-4a1a-48c1-863b-fa5d1654b493
818433f9-7ae5-4c4a-a2b5-80d2a4d52be4,43c80833-d18a-49b6-9472-13c404e6bc30
818433f9-7ae5-4c4a-a2b5-80d2a4d52be4,d5bf1c7d-ad01-436b-954e-7e6a948a60b4
818433f9-7ae5-4c4a-a2b5-80d2a4d52be4,e69bf6be-e8ca-4c93-9983-10d9fb926748
6ea04368-aa62-448c-8c0f-ce6a6bcbb7f3,43c80833-d18a-49b6-9472-13c404e6bc30
9641f1e7-680a-49a8-860f-bee2b3d07590,c173d98a-c792-48eb-9499-66f82a76f516
9641f1e7-680a-49a8-860f-bee2b3d07590,c880327b-1ec9-4304-bf94-30b9fcc917fd
85cff13c-8eb2-4ead-8548-0caf53f221ec,c173d98a-c792-48eb-9499-66f82a76f516
85cff13c-8eb2-4ead-8548-0caf53f221ec,43c80833-d18a-49b6-9472-13c404e6bc30
3c8b5e32-6751-43d4-9c17-5e3e85a54c77,9d4815ad-4a1a-48c1-863b-fa5d1654b493
93987304-8825-43bb-867d-1723cf48fa20,c173d98a-c792-48eb-9499-66f82a76f516
4c9d20a3-89f6-402f-a866-c1a0046395f3,c173d98a-c792-48eb-9499-66f82a76f516
4c9d20a3-89f6-402f-a866-c1a0046395f3,9d4815ad-4a1a-48c1-863b-fa5d1654b493
0e840f49-89ea-4d94-b5ad-b3563b46f4b8,a249e1aa-92ff-4b36-bb30-a71c9bb579b7
bd6a5ad6-02a8-4d25-96b9-36fdbd7aea0f,9175f0e7-742b-46f3-9460-c12835770c30
6a89b632-da09-42ea-be74-6796fbfb8753,1db2847c-40fd-4edc-af5a-2a5b7682a38e
11d113da-e08e-4009-a904-14135e28527b,c173d98a-c792-48eb-9499-66f82a76f516
11d113da-e08e-4009-a904-14135e28527b,9175f0e7-742b-46f3-9460-c12835770c30
11d113da-e08e-4009-a904-14135e28527b,eda68160-1ee0-451f-a1f5-1f5e60ff1bd5
c5cfd7cc-6b03-4d36-90d8-959f80a60af0,c880327b-1ec9-4304-bf94-30b9fcc917fd
c5cfd7cc-6b03-4d36-90d8-959f80a60af0,9175f0e7-742b-46f3-9460-c12835770c30
198e7e3e-2267-4350-a274-3f1cece2d05a,eda68160-1ee0-451f-a1f5-1f5e60ff1bd5
198e7e3e-2267-4350-a274-3f1cece2d05a,9d4815ad-4a1a-48c1-863b-fa5d1654b493
b2326757-4872-44c2-8ecd-4a11283ff83e,9d4815ad-4a1a-48c1-863b-fa5d1654b493
b2326757-4872-44c2-8ecd-4a11283ff83e,c880327b-1ec9-4304-bf94-30b9fcc917fd
5884bc81-ab3d-4dad-b805-5927e723cbdb,c880327b-1ec9-4304-bf94-30b9fcc917fd
5884bc81-ab3d-4dad-b805-5927e723cbdb,43c80833-d18a-49b6-9472-13c404e6bc30
5884bc81-ab3d-4dad-b805-5927e723cbdb,1a777958-b68c-4150-9909-d1b57a20e8d7
e7908f48-48ee-43c5-b6bf-98d68e00ff0f,c880327b-1ec9-4304-bf94-30b9fcc917fd
e7908f48-48ee-43c5-b6bf-98d68e00ff0f,c173d98a-c792-48eb-9499-66f82a76f516
1aee3e3c-436a-42d8-88df-22d24c1e3cdd,9d4815ad-4a1a-48c1-863b-fa5d1654b493
1aee3e3c-436a-42d8-88df-22d24c1e3cdd,9175f0e7-742b-46f3-9460-c12835770c30
b9ff27e6-24fc-40e1-947d-39b27316b090,9d4815ad-4a1a-48c1-863b-fa5d1654b493
b9ff27e6-24fc-40e1-947d-39b27316b090,c69bf8d5-f153-4d8b-ad6e-01baead7866d
90211728-c50b-4b9c-89c9-66b79b1a29dc,9d4815ad-4a1a-48c1-863b-fa5d1654b493
98c23d49-e659-4cf7-b720-8b4180c3fed0,c173d98a-c792-48eb-9499-66f82a76f516
98c23d49-e659-4cf7-b720-8b4180c3fed0,c880327b-1ec9-4304-bf94-30b9fcc917fd
97fd4817-bf82-4c1f-8d61-541de00936f8,9d4815ad-4a1a-48c1-863b-fa5d1654b493
2945118f-b23d-40ec-8a79-ed97ffd45df6,9175f0e7-742b-46f3-9460-c12835770c30
2945118f-b23d-40ec-8a79-ed97ffd45df6,9d4815ad-4a1a-48c1-863b-fa5d1654b493
40a6dce3-9c7f-493e-a3a6-3afd1a960c9e,c173d98a-c792-48eb-9499-66f82a76f516
40a6dce3-9c7f-493e-a3a6-3afd1a960c9e,9d4815ad-4a1a-48c1-863b-fa5d1654b493
9cb3b195-ceab-4bb8-ace2-9da55171ac49,9d4815ad-4a1a-48c1-863b-fa5d1654b493
a4ed2bec-bebf-4c77-b8e3-97dfd243ec31,9d4815ad-4a1a-48c1-863b-fa5d1654b493
a4ed2bec-bebf-4c77-b8e3-97dfd243ec31,3d837675-b7f3-4b42-9975-12b7a640c58d
822b880b-f4fb-4e25-88d4-caa33dce2a09,9d4815ad-4a1a-48c1-863b-fa5d1654b493
1857b97a-7ab5-41ef-b696-fea525b87293,c173d98a-c792-48eb-9499-66f82a76f516
1857b97a-7ab5-41ef-b696-fea525b87293,c880327b-1ec9-4304-bf94-30b9fcc917fd
a039598f-044d-464d-828a-53fbb184f7f4,d5bf1c7d-ad01-436b-954e-7e6a948a60b4
a039598f-044d-464d-828a-53fbb184f7f4,9d4815ad-4a1a-48c1-863b-fa5d1654b493
dcddce70-e986-46f4-8224-06ac2b3a35b7,9d4815ad-4a1a-48c1-863b-fa5d1654b493
63320901-1e88-442d-a73d-48c41e5279ef,9d4815ad-4a1a-48c1-863b-fa5d1654b493
94fabaeb-ae0e-447e-8e5a-f5efd56c476a,c173d98a-c792-48eb-9499-66f82a76f516
94fabaeb-ae0e-447e-8e5a-f5efd56c476a,9d4815ad-4a1a-48c1-863b-fa5d1654b493
2ba0696b-f447-4ce7-8438-b8e17b874b92,9d4815ad-4a1a-48c1-863b-fa5d1654b493
153fc3d5-2c65-4494-804f-80aa22bff357,eda68160-1ee0-451f-a1f5-1f5e60ff1bd5
153fc3d5-2c65-4494-804f-80aa22bff357,c173d98a-c792-48eb-9499-66f82a76f516
ce03a8b6-5a73-44e2-8d87-c0c3166e6c79,9d4815ad-4a1a-48c1-863b-fa5d1654b493
3383ff9b-298c-42e1-994c-652440911a7f,3f636b85-5a02-4da6-9e81-28b70d85b4ae
07b7b66e-bd86-45cf-9782-faf1fe06ff94,9d4815ad-4a1a-48c1-863b-fa5d1654b493
05409f0e-ee14-4ac9-a698-7f11e56db235,c880327b-1ec9-4304-bf94-30b9fcc917fd
9b571501-5134-4c91-8e97-a5d8732885f0,9d4815ad-4a1a-48c1-863b-fa5d1654b493
065de892-d0cd-4740-81e2-5561fdbd0817,a42eb3a9-5c65-48fa-b293-d3af271f782a
4d0f41a8-b54b-470d-91ff-09749b572c6d,9d4815ad-4a1a-48c1-863b-fa5d1654b493
5dccf2a9-dcb5-4dd0-b68a-a80e33e8e256,9d4815ad-4a1a-48c1-863b-fa5d1654b493
8d526f13-a1d8-4624-a10b-d13f3ea6ffab,9d4815ad-4a1a-48c1-863b-fa5d1654b493
8d526f13-a1d8-4624-a10b-d13f3ea6ffab,1a777958-b68c-4150-9909-d1b57a20e8d7
71fc3bf1-8804-456b-a1d8-2db1a1fdfc9d,9d4815ad-4a1a-48c1-863b-fa5d1654b493
71fc3bf1-8804-456b-a1d8-2db1a1fdfc9d,c173d98a-c792-48eb-9499-66f82a76f516
71fc3bf1-8804-456b-a1d8-2db1a1fdfc9d,3d837675-b7f3-4b42-9975-12b7a640c58d
71fc3bf1-8804-456b-a1d8-2db1a1fdfc9d,eda68160-1ee0-451f-a1f5-1f5e60ff1bd5
1523a6dc-7ec5-43b8-9171-bbbff6ae4ecd,c880327b-1ec9-4304-bf94-30b9fcc917fd
1523a6dc-7ec5-43b8-9171-bbbff6ae4ecd,9175f0e7-742b-46f3-9460-c12835770c30
1523a6dc-7ec5-43b8-9171-bbbff6ae4ecd,9d4815ad-4a1a-48c1-863b-fa5d1654b493
7767c668-9fc7-426f-bb51-2f4b5c65c4bb,c173d98a-c792-48eb-9499-66f82a76f516
7767c668-9fc7-426f-bb51-2f4b5c65c4bb,c880327b-1ec9-4304-bf94-30b9fcc917fd
2ad0e5d1-0207-4c80-8b5a-4793a2c49c19,9d4815ad-4a1a-48c1-863b-fa5d1654b493
2ad0e5d1-0207-4c80-8b5a-4793a2c49c19,9175f0e7-742b-46f3-9460-c12835770c30
eb7bcd15-7dc1-4f8a-8432-a799fad8d906,9d4815ad-4a1a-48c1-863b-fa5d1654b493
eb7bcd15-7dc1-4f8a-8432-a799fad8d906,c173d98a-c792-48eb-9499-66f82a76f516
39701107-f94b-4e52-b8e8-e33d77b4078c,9d4815ad-4a1a-48c1-863b-fa5d1654b493
39701107-f94b-4e52-b8e8-e33d77b4078c,a42eb3a9-5c65-48fa-b293-d3af271f782a
46791e83-0273-4ce8-9050-638760de7e3d,a42eb3a9-5c65-48fa-b293-d3af271f782a
46791e83-0273-4ce8-9050-638760de7e3d,9d4815ad-4a1a-48c1-863b-fa5d1654b493
46791e83-0273-4ce8-9050-638760de7e3d,9175f0e7-742b-46f3-9460-c12835770c30
6260038e-c5fb-4816-85d7-dcc91da7a6fd,9d4815ad-4a1a-48c1-863b-fa5d1654b493
054ab611-a6eb-4ac0-84ee-c2a9a2106d2f,c173d98a-c792-48eb-9499-66f82a76f516
0d54a05d-575a-4dbf-b3c9-9a674d22ac7e,43c80833-d18a-49b6-9472-13c404e6bc30
0d54a05d-575a-4dbf-b3c9-9a674d22ac7e,d5bf1c7d-ad01-436b-954e-7e6a948a60b4
0d54a05d-575a-4dbf-b3c9-9a674d22ac7e,9d4815ad-4a1a-48c1-863b-fa5d1654b493
0d54a05d-575a-4dbf-b3c9-9a674d22ac7e,9175f0e7-742b-46f3-9460-c12835770c30
0d54a05d-575a-4dbf-b3c9-9a674d22ac7e,c173d98a-c792-48eb-9499-66f82a76f516
b740aec5-7780-49d6-8d4f-c66fc06b1980,43c80833-d18a-49b6-9472-13c404e6bc30
dc6909de-1dd0-4052-b8ac-862d23eda1bd,c880327b-1ec9-4304-bf94-30b9fcc917fd
dc6909de-1dd0-4052-b8ac-862d23eda1bd,9d4815ad-4a1a-48c1-863b-fa5d1654b493
50c00d5b-7be1-495c-b0d2-4bbe9d68414f,c880327b-1ec9-4304-bf94-30b9fcc917fd
50c00d5b-7be1-495c-b0d2-4bbe9d68414f,9d4815ad-4a1a-48c1-863b-fa5d1654b493
50c00d5b-7be1-495c-b0d2-4bbe9d68414f,9175f0e7-742b-46f3-9460-c12835770c30
d723041b-dbeb-496f-931c-a462c08b5d62,9d4815ad-4a1a-48c1-863b-fa5d1654b493
d723041b-dbeb-496f-931c-a462c08b5d62,c173d98a-c792-48eb-9499-66f82a76f516
d723041b-dbeb-496f-931c-a462c08b5d62,a42eb3a9-5c65-48fa-b293-d3af271f782a
a20fe616-631c-425b-8e47-a4e5089b9384,9d4815ad-4a1a-48c1-863b-fa5d1654b493
a20fe616-631c-425b-8e47-a4e5089b9384,9175f0e7-742b-46f3-9460-c12835770c30
7cb36d8b-ceba-4e9f-8707-e09c01508699,3f636b85-5a02-4da6-9e81-28b70d85b4ae
e94e06f8-da7d-4bf7-85b5-43a047f9ad92,3f636b85-5a02-4da6-9e81-28b70d85b4ae
d4481403-5e0d-4944-9462-0e2f4c108ffe,3f636b85-5a02-4da6-9e81-28b70d85b4ae
3b3a0f58-911c-413a-8a3f-055495ffcea1,9d4815ad-4a1a-48c1-863b-fa5d1654b493
05d3de79-5c04-4289-9d4d-059269016a36,c173d98a-c792-48eb-9499-66f82a76f516
96d8ffb6-6e58-4f15-b14b-fed4b31f66af,9d4815ad-4a1a-48c1-863b-fa5d1654b493
d6389730-7bc8-4a1b-9ee0-9361143bef61,9d4815ad-4a1a-48c1-863b-fa5d1654b493
d6389730-7bc8-4a1b-9ee0-9361143bef61,eda68160-1ee0-451f-a1f5-1f5e60ff1bd5
d6389730-7bc8-4a1b-9ee0-9361143bef61,9175f0e7-742b-46f3-9460-c12835770c30
2f30978b-f997-4017-a460-e5f5059f70ef,c880327b-1ec9-4304-bf94-30b9fcc917fd
8a2eb722-9ed1-4244-906d-03a52926c605,3f636b85-5a02-4da6-9e81-28b70d85b4ae
d1543785-6cc8-4cd1-81e5-1f434af2f061,43c80833-d18a-49b6-9472-13c404e6bc30
d1543785-6cc8-4cd1-81e5-1f434af2f061,9d4815ad-4a1a-48c1-863b-fa5d1654b493
adbb2264-3ba5-42e3-b2af-f62a38575ad6,43c80833-d18a-49b6-9472-13c404e6bc30
adbb2264-3ba5-42e3-b2af-f62a38575ad6,9175f0e7-742b-46f3-9460-c12835770c30
fbdf0eaf-6394-49c2-83dd-0911fce898c7,9d4815ad-4a1a-48c1-863b-fa5d1654b493
fbdf0eaf-6394-49c2-83dd-0911fce898c7,43c80833-d18a-49b6-9472-13c404e6bc30
8e31a6ad-f413-4031-9be2-67a92dd0407f,9d4815ad-4a1a-48c1-863b-fa5d1654b493
ab261b7c-57c6-48ed-94bf-abd65bd01bc1,9d4815ad-4a1a-48c1-863b-fa5d1654b493
6b0a2c5a-c717-4441-8aa6-b32746bff13f,9d4815ad-4a1a-48c1-863b-fa5d1654b493
6b0a2c5a-c717-4441-8aa6-b32746bff13f,c173d98a-c792-48eb-9499-66f82a76f516
3ce1b250-d560-4404-9629-5043bd469af2,9d4815ad-4a1a-48c1-863b-fa5d1654b493
7984d3b4-dec2-4c3d-9b6b-13714f5c6811,9d4815ad-4a1a-48c1-863b-fa5d1654b493
7984d3b4-dec2-4c3d-9b6b-13714f5c6811,9175f0e7-742b-46f3-9460-c12835770c30
9518636e-e6a3-479d-b120-faecc689c5c0,3f636b85-5a02-4da6-9e81-28b70d85b4ae
0ddebb8b-b058-47e4-850a-37d493754258,c173d98a-c792-48eb-9499-66f82a76f516
62168507-b097-4ca5-8f0b-e8953fc25c56,9d4815ad-4a1a-48c1-863b-fa5d1654b493
6a666e82-50d0-4ed5-a421-988077b1ccba,9175f0e7-742b-46f3-9460-c12835770c30
30e85883-a490-4152-9082-41535cbd72e5,9d4815ad-4a1a-48c1-863b-fa5d1654b493
61ab14c7-5401-48a7-808d-ae2436ec0138,c880327b-1ec9-4304-bf94-30b9fcc917fd
61ab14c7-5401-48a7-808d-ae2436ec0138,9d4815ad-4a1a-48c1-863b-fa5d1654b493
6b48adba-32f8-4098-8f85-47c77179450d,9d4815ad-4a1a-48c1-863b-fa5d1654b493
b8f8cbcf-4c4a-4be3-9507-33d40b7a18be,c173d98a-c792-48eb-9499-66f82a76f516
3f6fb632-53f9-4387-8d7e-7cdd40f0dbe0,c173d98a-c792-48eb-9499-66f82a76f516
54cd1139-af5b-4111-9a17-26652def62e4,9d4815ad-4a1a-48c1-863b-fa5d1654b493
397f6741-cf3f-48da-8d07-291781c45c22,9d4815ad-4a1a-48c1-863b-fa5d1654b493
bac1c246-5671-4c3f-b4af-ea1b83a678d7,3f636b85-5a02-4da6-9e81-28b70d85b4ae
bac1c246-5671-4c3f-b4af-ea1b83a678d7,1a777958-b68c-4150-9909-d1b57a20e8d7
bac1c246-5671-4c3f-b4af-ea1b83a678d7,3d837675-b7f3-4b42-9975-12b7a640c58d
65a5accf-4c8f-4bc7-9fc3-f449111c7bf6,9d4815ad-4a1a-48c1-863b-fa5d1654b493
65a5accf-4c8f-4bc7-9fc3-f449111c7bf6,e69bf6be-e8ca-4c93-9983-10d9fb926748
2646a7c9-1e62-4d26-926c-89e88bfd8b42,a42eb3a9-5c65-48fa-b293-d3af271f782a
2646a7c9-1e62-4d26-926c-89e88bfd8b42,9175f0e7-742b-46f3-9460-c12835770c30
8ffb6540-0696-49a8-9fa3-860561a2eb70,3f636b85-5a02-4da6-9e81-28b70d85b4ae
d660ad6a-c227-4f85-9b44-20c81310bbeb,3f636b85-5a02-4da6-9e81-28b70d85b4ae
2cfe4091-b89b-481d-9559-e7da4cc87a4a,9175f0e7-742b-46f3-9460-c12835770c30
e667ae7e-ab01-4a07-a8dc-5916010dccaa,3f636b85-5a02-4da6-9e81-28b70d85b4ae
4cab975c-d898-4a37-968e-e9a0b280b479,3f636b85-5a02-4da6-9e81-28b70d85b4ae
3c052e39-2032-4d62-b067-3f4ca7c50687,9d4815ad-4a1a-48c1-863b-fa5d1654b493
3c052e39-2032-4d62-b067-3f4ca7c50687,c173d98a-c792-48eb-9499-66f82a76f516
8ce9112d-17c9-49ba-b981-282356d95853,9d4815ad-4a1a-48c1-863b-fa5d1654b493
49565484-268a-4ce7-9d42-7a2c7e9385a6,9175f0e7-742b-46f3-9460-c12835770c30
c0d01899-0b3f-49ff-823c-604126ab035d,43c80833-d18a-49b6-9472-13c404e6bc30
cd4d84a2-16be-42d2-b8a3-434fe863e4f5,3f636b85-5a02-4da6-9e81-28b70d85b4ae
149cc09b-6e1f-4fbd-aec2-55fecfc91f3c,9d4815ad-4a1a-48c1-863b-fa5d1654b493
149cc09b-6e1f-4fbd-aec2-55fecfc91f3c,c880327b-1ec9-4304-bf94-30b9fcc917fd
4a874d2a-8afe-470a-b94e-504afca28da2,9d4815ad-4a1a-48c1-863b-fa5d1654b493
a367ea05-fac7-4b13-b107-c5ca23636da4,c173d98a-c792-48eb-9499-66f82a76f516
5cec71ac-a8ee-4662-8628-2de83af1919a,9d4815ad-4a1a-48c1-863b-fa5d1654b493
31a6f28d-7726-4607-9b91-5e08f0d1fdac,1a777958-b68c-4150-9909-d1b57a20e8d7
d97c2a4c-93bc-42b4-a668-cf8e61d204be,43c80833-d18a-49b6-9472-13c404e6bc30
d97c2a4c-93bc-42b4-a668-cf8e61d204be,9d4815ad-4a1a-48c1-863b-fa5d1654b493
58eaf459-381a-41a7-a9a3-4edc762cafaf,3f636b85-5a02-4da6-9e81-28b70d85b4ae
70c9bbfc-07ad-42ed-87b9-34dd388f15fe,3f636b85-5a02-4da6-9e81-28b70d85b4ae
ed87b524-49c2-4309-9318-20eb1114f061,3f636b85-5a02-4da6-9e81-28b70d85b4ae
ed87b524-49c2-4309-9318-20eb1114f061,a249e1aa-92ff-4b36-bb30-a71c9bb579b7
532fb43f-06e6-4cf3-b1a9-52212de63cfa,a42eb3a9-5c65-48fa-b293-d3af271f782a
0d5b74bc-3e0e-4a13-8fcb-3f79fb635be7,a249e1aa-92ff-4b36-bb30-a71c9bb579b7
4bf237f5-8dab-4d3d-b9fa-4c94583db123,a249e1aa-92ff-4b36-bb30-a71c9bb579b7
b650a657-25db-4e8b-ae9f-becf34735513,a42eb3a9-5c65-48fa-b293-d3af271f782a
b650a657-25db-4e8b-ae9f-becf34735513,3f636b85-5a02-4da6-9e81-28b70d85b4ae
b650a657-25db-4e8b-ae9f-becf34735513,c173d98a-c792-48eb-9499-66f82a76f516
98d76463-50b7-4a79-bff6-f5400d134354,a42eb3a9-5c65-48fa-b293-d3af271f782a
98d76463-50b7-4a79-bff6-f5400d134354,3f636b85-5a02-4da6-9e81-28b70d85b4ae
98d76463-50b7-4a79-bff6-f5400d134354,c173d98a-c792-48eb-9499-66f82a76f516
bdf11c9a-6fdb-4aae-9147-e62f32624256,c173d98a-c792-48eb-9499-66f82a76f516
c36da115-348b-4838-8fbc-d55fe25798b4,c173d98a-c792-48eb-9499-66f82a76f516
aa6fbe1b-126f-40d0-ad08-a1ab23c67a7e,a42eb3a9-5c65-48fa-b293-d3af271f782a
aa6fbe1b-126f-40d0-ad08-a1ab23c67a7e,1db2847c-40fd-4edc-af5a-2a5b7682a38e
aa6fbe1b-126f-40d0-ad08-a1ab23c67a7e,9d4815ad-4a1a-48c1-863b-fa5d1654b493
aa6fbe1b-126f-40d0-ad08-a1ab23c67a7e,a249e1aa-92ff-4b36-bb30-a71c9bb579b7
9a5be507-196c-465e-af48-4518596672f0,a249e1aa-92ff-4b36-bb30-a71c9bb579b7
7ae7d0f1-182d-44e6-95b0-9ce28115db88,3f636b85-5a02-4da6-9e81-28b70d85b4ae
7ae7d0f1-182d-44e6-95b0-9ce28115db88,1a777958-b68c-4150-9909-d1b57a20e8d7
